Id,text,Predicted_Label
Fake_01,ഉളള ലഗഡവൻ ഇപപള എനത കരണ,original
Fake_02,രജനഷ പറഞഞപല എനകകപപൾ തനനയത അങങനയണ ഇപപൾ തനനനനത ഇങങനയണ എനതകകയ,Fake
Fake_03,ചടട വർതത വയകകനനത കരളതതലണ ഭരകകനന നർതത ഇനതയയലലലഇവട ആരഗയ മനതര ഷലടചചറണ,original
Fake_04,shame for entir woman kerala,original
Fake_05,code janagh andhu wide busi cheythalum vijayikum india,Fake
Fake_06,whi not all countri club togeth block china the maximum extend and renam covid chines viru such case when some one work destroy other natur interven contain neg forc that grace god truth,Fake
Fake_07,ethil appuram നണകകഡ വനനടടലല cpmneadipoli nalla avatharanam,original
Fake_08,കറണ ഒനന മചചപപടട ഓമകരനയ വനനപപൾ നമമട പണവനറ നതതവതതൽ സകരണ കടതതതലല,Fake
Fake_09,കമഡ സററർസ അലല ചരചച കളചച വശഷ ചദകകൻ,original
Fake_10,marunaadan kandupidutham,original
Fake_11,പടടന ആടയ ചചചസനറ തലകകടട,original
Fake_12,നയമ അവർതതനന കണടവര എനനടട അവർ ബധക ആകലല കരണ പർടടകകർകക covid വരലലയരകക,original
Fake_13,corona viru program creat china,Fake
Fake_14,ഉളപപ,original
Fake_15,ഇനന വറസ ലകമങങ വയപചചട കരണഭത പണറയ വജയനനന സഖവതനന,original
Fake_16,വസതതകൾ പഠന വധയമകകയടടലല മതര പടടനന സരകഷതമയതങങന എനത കണട വവധ വറസ ഭദങങൾ ഉണടകനന പരകരയ ഇതര വറസകൾകക തതൽ ഇലല അടകകട വകഭദങങൾ ഉണടകണമങകൽ അതനളള പരതയക കതരമ മതവറസൽ കയററ വടനളള സധയത,Fake
Fake_17,ഒരതതൻ കലകകതതകക ഇരയയടട ദവസ കഴഞഞലല അതന മൻപ തരവതര കളകകൻ കണചച മനസണടലല കണത പകരത,original
Fake_18,തതവക ആചരയനമർകക കയയബദധ നററകകരത,original
Fake_19,final world will name and count base befor corina after corona,Fake
Fake_20,bengalik egan namud nattil ethii ennu manasilakunundallo evaruk oru varsham kude koduth subham,original
Fake_21,പരവസ,original
Fake_22,ഉതപധപപചച കശയൽ തടട വഴനനത ഇവർകക ആണങകൽ അതനറ ഏതങകല മഷവശ ഇവർ പറയമ ഇരകകനന കമപ അറഞഞണട ആരല മറകകമ,Fake
Fake_23,allahuuu akbarr,original
Fake_24,palt mahtunu,original
Fake_25,ഉറപപണ കവഡ ഒമകരൺ എലല ശരയവ നഷനതളയ അവതരണ ushual കലകക,original
Fake_26,എലല വരടയ പരതഥന,Fake
Fake_27,ശജഹൻ ചടടൻ സലയടട ഇങങന സതയ പറയൻ ഇതവണ മധയമ പരവർകകൻ,Fake
Fake_28,ബലകകമൻ വനന അവട കണട ഇവട എനന,Fake
Fake_29,മണടനമരയ ഡകടർമർ പറയനനത മതര വശവസകകൻ വഡഢയലല ജകകബബ,Fake
Fake_30,പടടകടടരകകൻ അപര തലകകടടതനന,original
Fake_31,നഷടപരഹര എലല രജയങങൾകക കടകകനനലല എങകൽ അകരമചച നശപപകകണ,Fake
Fake_32,communist have wear mask whi enjoy monkey face,Fake
Fake_33,എനതര ദരനതമണ,original
Fake_34,ചനയട കയയൽ കറണയട antedot ഉണട ചനയലളള മസലസനയണ ഇനതയയൽ പരചരപപകകനനതനയ വടടടടളളത ജഹദകളമയ ചർനനണ ഓപപറഷൻ ഈയട ബഹറൽ നനന പടകകപപടട ചനസ മസലസ കറണ infect കടത തമഴ നടടല അമപരൽ പടചചവരല corona ചനകകർ ഉണടയരനന patnayil പടചചവര ചനകകര മലഷയകകര അവരല അതനറ അർതഥ ജഹദകള കടട നമമള നശപപകകൻ ശരമകകനന എനനളളതണ എനതന മദജ lockin പരഖയപചചലലയരനനങകൽ പകഷ കരള തനന തകർനനന ഇവരട ആരധനലയങങൾ പരശധചചൽ ഇവടയ അവർ എതതയടടണടക അതകണടണലല രണട ജലലകളൽ അപകടവസഥ ഡൽഹ പരകഷപണതതടകട അവട പടടപയ ജഹദ നതകകനമര പറതത കടതതൻ പററതത സഹചരയമണ അതന ഭകരത സഷടചച പററ വണടയണ ലററ വളളവ cut ചയത തഴലളകള പലയന ചയയകകനനത കടടതതൽ അവർകക രകഷ പടമലല,Fake
Fake_35,മണടൻ ശപപണട വജയൻ തരമണടനമരയ മലയളകള ഭരകകനന,original
Fake_36,മതതകളയ വരകൾ,original
Fake_37,super thiruvathira kali,original
Fake_38,russia have act proactiv quarantin all foreign countri visitor separ build for safe period thu creat firewal where india travel be allow self which bad decis lead the current mess includ kerala,Fake
Fake_39,അമരകകയ തറവളചച വർകക സമർപപകകനനഇതതനനയണ ടരപ ആദയ പറഞഞത,Fake
Fake_40,ചനയല മരണ സഖയ പപന കകൾ വലതണ,Fake
Fake_41,coronaykku nammud pathanjali maman valla marunno kashayamo kandethikanum,original
Fake_42,തബലഗ മസററകക ഗവണമനറ പർമഷൻ കടതത,Fake
Fake_43,പറഞഞത സഭവകകടട ലകതതല വണട സമധന പലരടട,Fake
Fake_44,ede sagavu endina epo america poyadu keralitil hospit ell,Fake
Fake_45,ezhuthachanu ninnum kidannum patham,Fake
Fake_46,ഇനയ ലകക ഡൺആണപരപട ആണകൽപരയ സഗമ കററനപകര ഇചചര തരണ,original
Fake_47,they revis the social distanc from it fine,Fake
Fake_48,ശസതര ഇനന ഒനന പറയ മററനനൾ വറനന മടട കഴകകമനന കഴകകൻ പടലലനന എനതകണടണനന മലബർ പരശധകകണ,original
Fake_49,വഹനൽ വറസ ടസററ ചയത നകകയതയരകകമ പനനട കൺടരൾ കടടകകണലല മററ രണട നഗരങങള അവർ ആദയമ,Fake
Fake_50,popul target ethreya expect cheyyunn sirmar,Fake
Fake_51,അവരവമരശകത അവരട വലല ഏററടകക കലമയലല അവര കതരകയറന തടങങയടട അവരക ചനസ കടകക അതന ധയരയ നങങളകക ഇലല വറസ ഉണട who എനതണ പറയനനത അതനന പബളഷ ചയയമ,Fake
Fake_52,മരണ വടടൽ തരവതര നടതത അതണ അതനവണട പറതത പനന പരവസകൾ ഉണടവന പടലല,original
Fake_53,cant say anyth now but all these countri protect their secret mayb true fals wait and see,Fake
Fake_54,the next north korea congratss,Fake
Fake_55,interest hear you,Fake
Fake_56,ഓമകരണന ഇതല നലല വരവൽപ നടടല കടടല,original
Fake_57,തൽകകല ആശവസ,Fake
Fake_58,സതയമണണകൽ എലല രഷടരങങൾ ഒതത ചർനന ഒററപടടതതണ,Fake
Fake_59,അനഭവകകനനത പവപപടട സധരണകകരയ ജനങങൾ പതയ പരടടകൾ,original
Fake_60,വമർശകകനന,original
Fake_61,neeyok marunnu companyud kayil ninnu cash medichat kidannu chilakunnath kndill naaarik ninteyok oru medium phoooooooo,Fake
Fake_62,കതത വചച നധയണ പണറയകക,original
Fake_63,ഇതകക ഉളളത തനന,Fake
Fake_64,kumbha mela തകരകകൻ ഉളള christian mechineri കളള പരചരണ,Fake
Fake_65,panna rascal paranaari,original
Fake_66,korona നരതത പലഒരഴച മൻപ ഒമപതത സഥനതത നനന ഇനതയ ഇനന കതത അഞച എതത ഇരകകനന ഗൾഡ ലഭകകൻ വരള ദവസ കതതരനനൽ എനന തനനനനകറണ പകമയരകക പകഷ എതര കണട മതര നകകയൽ ഡൺഇനറ വജയ പറയപയ വലലത കറയചച ഉളളത കറചച അങങ പകടടതററലലതത വശകലന,Fake
Fake_67,oro koprayang,original
Fake_68,പണറതര,original
Fake_69,തനനവസ അലലതനത പറയൻ,original
Fake_70,തരവതര നടകകമപൾ ഓർതത ചരചചത മതരമണ,original
Fake_71,ivid pravasik vannal anallo kuzhapam,original
Fake_72,thiruvathirakkalinadakkattecovidകടനനkoodatteiniyumkoodattethiruvathirakalikkuaalukalpora,original
Fake_73,കറണ സപഎ dyfi ഭയകകനന ബകകററൽ പസയടൻ കശലലതതതനൽ ഒളചചടൻ തയറടകകനന,original
Fake_74,ivd oru govt ill nerik kaanikumbol ellavarum urangukayaayirunno atho samudayath motham theevravaadhik ennu vilikuvaanulla avasaram viniyogikukayaayirunno kalla naariya mathabraanthanmaar ningal orikalum swargathil praveshikukayilla saaoohya dhrohik,original
Fake_75,ivareyokk jeyipichavar sammadikkanam,original
Fake_76,പറഞഞ തരനനതന മമപ question ചദചച വയടകകത,original
Fake_77,കറണയപപററയറയൻ ഇതനന കണടനകകa href,Fake
Fake_78,ചവപപ ആയതകണട ഓമകരൺ വരലലസത കറണയ വരലല,original
Fake_79,അവട ഉളള സതയങങൾ പറതത വരലല,Fake
Fake_80,china have creat thi virou and they the antidot weapon tri use against india but will come back strongli,Fake
Fake_81,medam അടപപല thooral,original
Fake_82,മഡകകൽ മഫയ പടയൽ അകപപടടപയ ഇനന അവർകകവണട ശബദകകന സരകഷണ ഒരകകന നമമട മഖയധര മധയമങങള സർകകര മതസരകക കഴകകനനത ശവസകകനനത ഒകക വഷമയമണനന ഇകകടടർകക അറയൻ മലഞഞടടലല quotപണതതനമല പരനത പറകകലലലല quot,Fake
Fake_83,ithoru ottapeetta sambavam ayirikkum mandanmar,original
Fake_84,super,original
Fake_85,balikudeerangal jai dingan,Fake
Fake_86,ഷജൻ വർതതയൽ പറഞഞ ശഭസചന സതയമയ ഭവകകടട വളര നനദ,Fake
Fake_87,koronaiku sesham veendum namal pazhaya kuththazhinja jeevitham thann thudarananu bhavamenkil ithilum valiya duranthang undakumdeivath snehichum deivakalpanak anusarichum jeevikkan nammuk kazhiyumarakanamthat well,Fake
Fake_88,കരണ,Fake
Fake_89,അലലല മർകസററ പർടടകകർകക ഇതതര ധർഷടയ കടതൽ അവർകക എനത തനയസവ കണകക അതൽ തററലല പകഷ തനന ആരല കണചച വലയ തററണ ഇരടട ചങക എനനലല ഇരടടതതപപ എനന പറയൻ,original
Fake_90,kitt vangi kuthiyavarella moonji nadakkunnu,original
Fake_91,sir thank,Fake
Fake_92,prepar list all product from chinees compani stop buy,Fake
Fake_93,ബദധയലലയമ അനതരഷടര രഗതത ചർചച ആകകക ലഗൻറ പരൽ ഇനതയയല മസലങങള വടടയടയ ഗവൺമൻറ നതര എലല മതതര കകഷകള ഒനനകകക,Fake
Fake_94,നതയല ബഫനറ പരൽ നരപരധകള കനന ചണകങങൾ ചയതതനകകൾ വലയര തററ ലകതത ചയയലലചയയൻ സധകകലല,original
Fake_95,evar oke ntena vert viru nne indakan nadakn,Fake
Fake_96,അവരട ഭകഷണ വളര കഷടമണ പനന പലതത വറസ വരതരകക അവട മസലങങള തടവലടട അവർ എനത പടചചവനറ പരകഷണ തനന അളളഹ കകകടട ആമൻ,Fake
Fake_97,ningal aum arivu kandaal porey,Fake
Fake_98,മനദബദധകള ഭരണഘടന സരകഷകകവൻ ചമതലപടതതയൽ ഇങങനയകക ഇരകക,original
Fake_99,america europ,Fake
Fake_100,halal covid,Fake
Fake_101,well do,Fake
Fake_102,എലല മഫയ കകൾകക പടയകനനണട കകര ജനങങള ദരഹകകനന ദരഹ ചയയനനത നർതതകക അലലങകൽ രപതതല ബബനറ രപതതലയരകക ജഗരത all ahu akbar,Fake
Fake_103,പരകതകക ബലൻസ ഉണട amazon കതതയപപൾ എതര ജവജലങങൾ നഷടപപടട അതന തലയമയ മനഷയര നഷടപപട,Fake
Fake_104,there divin hand behind itreturn moral,Fake
Fake_105,kodi matr undavu anik kanilla,original
Fake_106,manushyathwam illatha kammikalal china bharikunnathu athukondu ithil athbhuthapedendathilla,Fake
Fake_107,entealiyasammathichu,original
Fake_108,കരളതതലകകളള ഒമകരണൻറ വരവ ആഘഷമകക കരള സർകകർ തനകക ലഭചച ഗഭര സവകരണതതന ഒരപട നനദയണടനന ഉടനയനന വടട പവലലനന ഒമകരൺ പരതകരചച,original
Fake_109,എനത പളളചച എടകകനല നകനനവന തടട പടചച അടചചല sagav,Fake
Fake_110,ഇവട ഇപപഴ വളകകതത അനതങങൾ ഉണട,Fake
Fake_111,മകകപപന എലലയടതത വധകൾ ഭരകകനനട൦ ആഘഷമകക൦ നലല ഉപപ കഞചവ നരധന പൻവലകകക നമണയ മറ൦,Fake
Fake_112,ഉളപപലലയമയ നനന cpm എനന വളകക,original
Fake_113,jaivayudham ithu thann lola maha yudhammanushyar aaydham use chaitu war nadathuna kaalam vitittu jaiva wepon chaituivid skhya sakthik uthara coriarussiabeij that all,Fake
Fake_114,ith നരതത അറയവനനതലല,Fake
Fake_115,അയയ കഷട,original
Fake_116,ഇങങന പയൽ സഘടപപകകണട,original
Fake_117,എനറ കലയണ വളചചടടളള പനന അടങങനന തരവതര ഉണട അപപൾ കഴപപ ഇലലലല,original
Fake_118,നതവനറ അപപ തനന ജവകകനനവർ ബരയണ ആനന പറഞഞ നയയകരകകനന പനനയണത,Fake
Fake_119,nthonnad ithu,Fake
Fake_120,പണട അറയവനന കരയമണ എനന ലകതതന എതരണഉദഹരണ ടബററ ടയമൻ സകവയർ ഹങകങ അറനചൽ പരദശ അങങന എതരയ,Fake
Fake_121,evatakalkonum nanam ele enth tengayan eth,original
Fake_122,adutha masam ent thiruvathira aanukalyanam alla kettooparti layanam aanuu,original
Fake_123,കറണ മറയടടലല മറയത ലകക downum ജനങങളട പടയ മതരമണ,original
Fake_124,nhangal mamma channeluk kanunnath nirthyjai sajan sir,Fake
Fake_125,american tramppp nntta purrakaa pooyia mooddi rasshiya forget,Fake
Fake_126,കരണ ഭതതത തറനന വടട നമപതരകക ആയര നമസകര ബറടചച നകകമപഴ കമഡ,Fake
Fake_127,thiruvathira parti india,original
Fake_128,വശതത വലപയതര മറവശതത തരവതര കളചച കവഡ പരതതയളള രകതസകഷയ കടടയ ആഹലദ നറഞഞ ആഘഷവ കളള വവരദഷകൾ ഇവർകകതര രജസററർ ചയത ശകഷകകക,original
Fake_129,ചനസ ഫണലട കണനന ലകകടകകക,Fake
Fake_130,നങങള വറസന കണടടടണട,Fake
Fake_131,makaravilakkum kaanikkan,original
Fake_132,വറനയ റസർചച ചയയൻ വചചരനന വറസ കവടട പയതണനന സമനയ ബദധ ഉളള എലലവർകക അറയ പരകതയൽ കണനന വറസന mutat മററ വരതത ആയധതതൽ ഉപയഗകകൻ ശരമതതൽ പരകഷണ ചനയ ഒററ പടതതക മതരമ ഇതന പരതവധയയ,Fake
Fake_133,old stori bring someth new,Fake
Fake_134,attuk pongala anuvadhikkanam ithinekkaaalum surakshidhamaaanu,original
Fake_135,എലല പണറയ,original
Fake_136,പളയ,original
Fake_137,ethu എഴതയ തരമന പറഞഞ paatu ആരയ udeshichillennu,original
Fake_138,until now there evid that viru genet creat will do such video qnow channel,Fake
Fake_139,super,original
Fake_140,sathaythil ethokk avarud plan annu,Fake
Fake_141,chinay illaathaakkanam,Fake
Fake_142,തങകൾ പറഞഞതണ സതയ ഇനയങകല അഞചമണ തളള നർതതയലല എങകൽ കരളതതല സമഹക അനതരകഷ കലഷത,Fake
Fake_143,miiyran maru motham kulam thonditt poku vote cheytha jayipichavan oke anubhavik,original
Fake_144,നടടലകക പവനന പരവസകൾ ശരദധകകക കവഡ പടകകതരകകൻ,original
Fake_145,mayb thi secret biolog war between america and europ anoth view point the use dictatorship defect democraci,Fake
Fake_146,നറകൾകക മതത അവരട കൽകഴൽ വരണ എനനണ,Fake
Fake_147,koottam koodaruth ennu parannjaa ningalkk mansssillaavilley,original
Fake_148,സമയതത പരപട അവതരപപചച മഴവന ആളകളയ പബലകൽ വചരണ ചയയണശകഷകകണ കമപതത ഇരകകനന തമപരന ആയല,Fake
Fake_149,pode,original
Fake_150,nalla vartha good innu kalathumuth whatsappil karangunna oru item eduthu varthayakki bear mind kerala peopl much ahe have some true investig jounalisam,Fake
Fake_151,parti സമമളന എലല കഴയമപൾ ലകകഡൺ und,original
Fake_152,ellaarum vimarshichitt pinaraayi daivathint kopam vaangi koottanda ath mathi covid parakkaan,original
Fake_153,alreadi some chines doctor report septemb corona viru and pneumonia also news later they delet indian top channel wion these polit agenda,Fake
Fake_154,അവതരകൻ,original
Fake_155,realli there huge deal foul play thi seem biolog weapon destroy the world order,Fake
Fake_156,ഉതതര,Fake
Fake_157,ആരവടകണടവരൻചരൽ കഷയവ കനതര അരചചത,original
Fake_158,ബൽഗററസ depopul അജണടയട ഭഗമണ വറസ,Fake
Fake_159,അലല ഇതനറ മൻപ പറനനത കറണ വറസ വനന പടടളകകര കനന എനന നർതത കറയ,Fake
Fake_160,ഉളപപ,original
Fake_161,രജയ തകർകകനളള ആസതരത ശരമമണ ജഹദ സമമളനതതന പനനലളളത,Fake
Fake_162,ചനയല വഹൻ സവതനതര രജയമണറഷയ അറഞഞ സമയ മതൽ അതർതത അടചച രജയമണപനന ചനയൽ എവട എനതകക എനന ചനകക അറയ ഒരകകൽ പറയമററരകകൽ എലല വവരവ മറനടന ലഭയമവനനഹഹഹ,Fake
Fake_163,എതരയ പടടനന മറകടടടട,Fake
Fake_164,ചനയകക കടകകൻ വറസ ഒനന ഇലല ഇലലങകൽ മസസൽ കടകക അവനറയകക നഞച കടകകണപരനറകൾ ഇവനമര ഭപടതതൽ നനന മററണട സമയ കഴഞഞ,Fake
Fake_165,എനതര കഷടണ,original
Fake_166,ramzan adukkumbazhekkum lock aakkum athallea oru sugho,Fake
Fake_167,പരപട,original
Fake_168,എനനടട പരവസകൾകക നർബനധത കവറനറൻ ശബഷ,original
Fake_169,rip തരവതര,original
Fake_170,ആസനതതൽ മളചചൽ തണല കടട,original
Fake_171,pravasikl onum oru cash polum sahayikaruth evanmar,Fake
Fake_172,കറണപടപടട രജജങങൾ എലലകടഒരമചച ചനയ പകകകക,Fake
Fake_173,അവട നമമട ഇൻഡയകകർ കറവയരകക,Fake
Fake_174,ഇവനമരടയകക തലയൽ പരപപവടയണവഡഢകൾ ഉളപപ വണട ശരകഷണ ജയനത ആഘഷകകനന തരവതര പർടടകഷട ശർദകകൻ വരനന,original
Fake_175,വയലർ എഴത ഇതപലതത വരകൾ,original
Fake_176,saadhikkatt enn aashamsikkunnu,original
Fake_177,kashtam ithupolulla komaali sarkar swapnanglil maathram,original
Fake_178,india nanam kettu poi,original
Fake_179,കതയമയ അകല പലചചണലല കളകകനനപനന കരയ വടടപയ പടടൽ ചറയ covid ബധവതകരണവ കഴഞഞ ദവസ മരണപപടട സഗവന ആദരഞജല വതത കപയ സററപ ആകമയരനന,original
Fake_180,adupp niyamam,original
Fake_181,ent ummaku hart block vannu angigram cheyyendi,Fake
Fake_182,തടർ ഭരണതതന വടട ചയതതൽ ഞനപപൾ ലജജകകനന,original
Fake_183,covidok ഞങങട ഇരടട ചങകനറ മൻപൽ,original
Fake_184,quotപരശനquot എനന രജയ അലല കമമയണസ കടണ,Fake
Fake_185,സതയ പരവസകൾ ഞങങൾ ഇവട നനന ടസററ എടതത നഗററവ പനന നടടൽ വനന ആയല quarantin ഇതപല മസക ഒനന വകകത നടകകനനവർകക വണട നലല ആരഗയ മനതര തരമന,original
Fake_186,എതര കണടല ടരൾ മതയവലഅങങന ഉളളവർ ആരങകലമണട,original
Fake_187,prathikarikku prathishethikku nammud naadin rakshikku,original
Fake_188,evarku oru avasaram kodukuallad eppozhum ayurvedath thalliparayath,Fake
Fake_189,വലലവനറ മടചച വർതത കടകകനന പരപട എനന നർതത,Fake
Fake_190,ldf do stupid thing,original
Fake_191,nakikalaaya malayalik,original
Fake_192,സതര ലഗക സരവങങള അതൽ വവൽ ഉമനർ ബരമമ നരങങ എനനവ ഉപയഗചച നർമചചവയണ കറണ വറസ,Fake
Fake_193,കടടല കണടല ഉളപപലതത വർഗഗ,original
Fake_194,ഷജൻ സറനറ വകകകൾ പനനവടട,Fake
Fake_195,yandayalum america engana oru ade venum butcha edel podu janag badechu angana yanu iraq adu pola ulla natulum katti kuttiyadu,Fake
Fake_196,love cpim,original
Fake_197,china deserv nuclear attack from europ and usa,Fake
Fake_198,aaa vaacsinaaa innu aaaanirthamo aaaa arochakam aaaamraa naveen,Fake
Fake_199,corona iniyanu theevratha varan pokunnathudepopul agenda start ayiinnum saudhiyil cherupakar marichu veeeeenu,Fake
Fake_200,കറണ വനനത കണട വയവ അനതരകഷ ശദധമയ കടകകതരനനൽ,Fake
Fake_201,aru chathal entha cpm jayiknm,original
Fake_202,കൺസപറസ തയറസററകൾ അവർ ശഖരചച തളവകൾ പരകര ഉളള ഒനന പരത ഗററസ കറണ വരനനതന അഞച വർഷ മമപ ടകനകരററ ഗററസന പരവചകകൻ എങങന സധചച യതര മഡകകൽ പരശലനവ നടയടടലലതത ഇരതത സഎൻഎനന മററ ചർചച ചയയനനത എനത കണട ഗററസൻറ കണകകന ബലയൻറ വകസൻ തൽപരയ ആണവട വളവകനനത തയറ ലകരഗയ സഘടന മകകടട മനനണ ആണതന പനനൽ ബലയൺ ഡളറകൾ ഉണടകകൻ വറസന പററ ആദയമ പരവചകകകയ പനന സഷടകകകയ ചയയനന അതന ചനയ ഏൽപപചചത അതൻറ കരയങങൾ കഡനയററ ചയയൻ എപലയയ സവനതകകരന ടഡരസ ആഡന ഗബരയസസ എനന എതയപയൻ മനതയ നയമകകകയ ചയത സശയകരമയ രതയൽ ചനകകപപ നൽകകനനത തങങളട മതലള രകഷകകൻ വണട ഇകകരയ എനതണ ഇവട മണടതതത ഈയട വനന റപപർടടകളല ലഖനങങളല മതതശശ പതര ഇതലകകളള സചനകൾ നൽകയരനന,Fake
Fake_203,dislik അടചചവരട തനതമർ ചനകകർ,Fake
Fake_204,programm poottikkil ithuvar,original
Fake_205,സഭവകകൻ പകനനത കറണകരണ ലകതത കപപകതതയ ഷയർ മർകകററകൾ വലയ വലകടതത വങങശകതയളളവന ബദധകണട തറപററകകനന രജതനതര,Fake
Fake_206,china unnamittathu europ mathramo aarenkilum chinthichittundo india itra karuthod neridumennuindia kuudi easi aayi thakarkam ennu chinthichu kaanil,Fake
Fake_207,adipoli,original
Fake_208,വരകൾതററത പടയ സതര സഖകൾകക ഒരപട അഭവദയ,Fake
Fake_209,ഇവനമര വണട ജയപപചച വടടത നമമൾ കരളയർ ചയത തററ,original
Fake_210,ഇതകക കണമപൾ കതത വചച നധയണൻ ഫറസകക ഓർമ വരനന,original
Fake_211,നങങൾട പനനവടട,original
Fake_212,feel that thi epidem will there till june,Fake
Fake_213,ആയരകകചന വറസ അവട ഉളള ആൾകകരൽ തനന എതതചച അവരൽ നനന പലർകക പകര ചനയൽ മഡയ control ആയത കണട ഇങങന അസഖ പകരനനത അറയലല അതകണട അനതരഷടര യതരകക വലകകകൾ ഉണടവലല യതര വലക ഇലലതതതനൽ മററളള രജയങങളലകക for exampl india ആയരനന കറണ ആദയ വനനരനനത എങകൽ തരചച അറയൻ ആകതത ജനങങളൽ പകരനന എനന വർതതകൾ ഇനതയൻ നനനയ കടമപൾ ഇനതയയലകക വരനമട നടടൽ നപപ വനനപപൾ നമട വർതത കടതതരനന ഇലല അജഞത ബധചച കടബതതൽ ആൾകകർ മരചച ശകത ആകവൻ പണതത,Fake
Fake_214,ലകമനനൽ കണണര പരസരപരദശവമയ ചരങങയ,original
Fake_215,കമമയണസററ കമളകൾ,Fake
Fake_216,ith chikilsayella bakshanaman chikilsa sir parachath sheriyano enn avasaram koduthood corona oru virou aayirikkam baksh veetil irunnu nadan marunn cheith chikilsikkam anubavam aan,Fake
Fake_217,chirikaanum vayyakaryanum vayyaevid nokhiyalumagalam palikathathinupravasikalu kuthakaarankolllhammm,original
Fake_218,അവസര നൽക ഏതങകല ഉനനയകകമപഴകക ജയലൽ ഇടൻ നകകനനതന എനതനണ imo പറയനനതൽ വലല കരയവമണട എനനറയണട,Fake
Fake_219,ആദയ നങങളട ആൾകകര നനനകക കലസസ അവർകകകടട,Fake
Fake_220,nashicha vaccin edukandayirunnu kop,Fake
Fake_221,ithin okk pidich kinattil idanam,Fake
Fake_222,enthokk paranjalum pravasi quarantin irikanam,original
Fake_223,thi sure china attack all develop countri,Fake
Fake_224,എഡററ സപപർ,original
Fake_225,keralam vere rajyam ano pinarayi cheythato,original
Fake_226,ആരട പറയൻ ആരടതത സഹകകക അതതനന,original
Fake_227,cpm അടപപല,original
Fake_228,സധരണ ജനങങൾകക മതര ഇതകക ബധക,original
Fake_229,,original
Fake_230,നലല സഷയൽ distanc ആണലല,original
Fake_231,തകചച അനവസരതതൽ പരതഷധകകനന,original
Fake_232,എനനടട ചനയ നഞചററനനവർ മനഷയര,Fake
Fake_233,കണടൽ pine ജവനട ഉണടവലല,original
Fake_234,വവവൽ വനത എതര വവങങൾ മരചച വയനന ഷങങല നനകക മനഷയൻ ജവനറ മനസസൽ ആകക,Fake
Fake_235,china cheat the whole world should boycott and their product,Fake
Fake_236,നലല വർതത അതജവന ചരതര ആവർതതകകനന കറണ ശരരതതയലല എലലവരടയ മനസസനയണ അധക ബധചചരകകനനത അതന മധയമങങൾകക പങകണട,Fake
Fake_237,foolish act,original
Fake_238,വകസൻ വകസപപചചത ശരയയടടണ എനന സശയ വർഷങങൾ എടതത വകസപപകകണട മരനന പടടനനണ ശരയയത,Fake
Fake_239,കബലകക ജമഅതത എനതനന കനതരണടമണത മതപരനതൻമർ തണടകള ചകകകകകണട ബധയത സധരണകകരനറ നകതപപണ വണമലല സർകകർ ചലവൽ രപയട മരനന ഇവററകൾകക കടകകരത ഇസലമക രജയ സഷടകകൻ നടകകനന വറസകൾ,Fake
Fake_240,വലല മഗതതന പകഷകൾ ആണങകൽ എലലതതനയ ചടട കനനന മനഷയൻ ആയത കണടലല കലലതത വനനപപൾ ജവകള കനനലല ഇതനറ ഒകക ഇപപ മനഷയരൽ കണനന വറസ ചരകക പറഞഞൽ പടചചനറ പരകഷണ,Fake
Fake_241,sanki chanagam,original
Fake_242,തമസനറ മരണ ചടങങൽ ഇതനന കണടലലലല എലലവര വലയ പണയളൻമർ എലലവർകക ബധക cameraകക മനനൽ മസക മററനനത നങങള നർതതണ,original
Fake_243,gomuthrum chai naku modi koduthu vitirikum,Fake
Fake_244,idokki ellavarkkum ariyamenggilum idupolulla nalla karyagg parajhukodukku elladi vargeyada pulabbi manushyaray thammil thallikan nadakalla thaniku dayvattilikki vishwasamunddo saja oru vargeeyavadikkorikkum dayvattilinnum vishwasamuddagilla,original
Fake_245,ലകതതൽ ഏററവ കടതൽ കറണ രഗകൾ ഉളള രഷടരമയ ഇനതയ മറനന നമമൾ ഇപപൾ പകനനത ഗരതര അവസഥയലണ എലല രഷടരങങള കറണകകതര ഒരപട പരവർതതന നടതത കറണകക മനന ഘടട ഉണട തവണയയ വനനരകക ഭമയൽ ഉണടക,Fake
Fake_246,ഇനന പടകണട വനന,Fake
Fake_247,,original
Fake_248,ath velluvili sweekarikuga,Fake
Fake_249,ശരകക വകഭദ വനന തരവതര തനന,original
Fake_250,ഇനയ കരളതതല ജനങങൾ വപലവ പർടടയ ജയപപകക എനന കരയതതൽ എനകക സശയവ ഇലല ഇവട വദയഭയസ ഉളളവരണ എനനകക വളമപ എനനടട കണകകനനത,original
Fake_251,ldf,original
Fake_252,നണമലല,original
Fake_253,inhjethunna nishanth parennathunhjammakku badhakamalla ethonnumthirinjhina,original
Fake_254,സതയതതൽ തരവതര വളര ഇഷടപടട ആയരനന ഇപപൾ കരങങനറ കയല പമല,original
Fake_255,നങങൾകകനന പരകഷണതതന തയയറകതതത കതതക മരനന കമപനകകര സഹയകകൻ,Fake
Fake_256,thi like zombi land,Fake
Fake_257,bil blind china,Fake
Fake_258,chinayepanjikittukood,original
Fake_259,കരണ ഭതൻ കററകൾ ഉടൻ എതത,original
Fake_260,ഇനന പർടട ലകമങങ സഭചട കരണഭഥൻ പണറയ വജയൻ എനന സഖവ തനന പടചച റബബ poli,original
Fake_261,ലകസമധന ഉണട ഉണടവൻ അതന കഴയടട ഇതൽ നനന പഠചച,Fake
Fake_262,abdu samad pookottoornu covid protocol ലഘന then whi not for these guyz,Fake
Fake_263,best nadu,original
Fake_264,super appaa,original
Fake_265,എനതയല വടട ചയയത വജയപപചച ആളകൾകക അഭമനകക,original
Fake_266,മതരമലല ഇററലയലണ തടങങയതനന ഇററലയൻ ഡകടർ പരസതവചചടടണട coronaviru strang pneumonia see lombardi novemb lead italian doctor say viru be circul befor awar the outbreak china giusepp remuzzi director mario negri institut for pharmacolog research,Fake
Fake_267,ഇതല നലലത സകകകൾകക നരനനരനന തറനനതയരനന കരള സമഹ തതനറ മഖതത നറകൾ,Fake
Fake_268,evan markku poyi chathood,Fake
Fake_269,പർടട സമമളനങങളൽ കവഡ വരലല എനന മഖയൻ പണനറ,original
Fake_270,vivaravum illa velliyazhachayum illatha parti,original
Fake_271,excel,Fake
Fake_272,ആടടനനവന നയയൻ ആകകയൽ ഇങങന ഇരകക,original
Fake_273,ഇതൽ panghaduthavar covid വനന കടകകണ അപപൾ പഠകക,Fake
Fake_274,ഇപപൾ നമമളട കടടകര മബൽ എലലവരട കൺടകട ചയയൻ ഉളള മഡയററർ,Fake
Fake_275,pleas news thousand wait for day with out fear and love walk mask,Fake
Fake_276,വർതത വയകകനന അരൻറ അമമയകക ഭരനത വനനൽ ചകൽസ ഇലല നൻറ തളളയകക അവസന മഹനൻ വദയ വടകകഞചര ചകൽസകകണ ഒനന,Fake
Fake_277,നങങൾ പടകകണട മതരവ ചണക വടയ ഉണടലല പരധരധകകൻ,Fake
Fake_278,തരവതര കളകകൻ പർടട സമമളന നടതതനന,original
Fake_279,verum nariya baranam churikki paranj veetil pattikku adupilumavam,original
Fake_280,kumbhmelail ulla corona deshiyya coronayyanne,Fake
Fake_281,keralathiley kammi kunhung delhiyley vivaramonnum arinhillennu thonnunnu onninem kanunnilla,original
Fake_282,ജർജജ വടകകടനറ വകകകൾ വളരയർതഥവതതണ,Fake
Fake_283,ഇലലതത രഗതതന വണടതത വകസൻ,Fake
Fake_284,മധയമരഗതത റസററങ അർജ,original
Fake_285,realli great,Fake
Fake_286,ഇവരയകക വണട അധകരതതൽ കററയ മലയളകൾ പളയണഇനയ പരതകഷകകനന,original
Fake_287,അവർകക അവരട അവർ എനതമവ,Fake
Fake_288,nammada nattil evida kantath vidheshathuninnum irakumathicheyithathalea avidea lockdown ennu paranjittum anusarikathea nadanavarellam irangi varuthiyathalea,Fake
Fake_289,രജയങങളകക അവര നരടൻ ശകത ഇലല എങകൽ മണടരത സവയ കടത നകകക,Fake
Fake_290,adipoli vaaa povaam,original
Fake_291,ivar okk enna parayanaa nammal thann all jayippiche anubhavikanmmm,Fake
Fake_292,comedi show ayi poyi thiruvathira,original
Fake_293,പരകത മതവ ആരഗയ വതയയ രകയണനമമ രകഷകകനന തതവവ ശകതയ നമമകക രകഷകകനയ വദയയ സമപതത ശകതയമയ തർകക ഭരണതതനയ അമമ മകകൾ തതവമയ സകത സസകത ഭരതതതനറ തതവയ വശവ രകഷയണ ദവതതന സഷടകകനന മതതവ ഇവടയ പജയ ഭകതയ ഇവടയണ എലല ശഭവനദന,Fake
Fake_294,thi buffoon kaalakathykkali veri bad amidst martyr comrad deeraj death wonder note that what happen the parti hand cultureless senseless group cruel and should not repeat anyway societi could have rememb today with thank money spent for same be provid food poor name paavam some blind illeter nonsens sit top govern now ridicul shame sorri,Fake
Fake_295,ആദയ നങങളട ആൾകകര നനനകക കലസസ അവർകകകടട,Fake
Fake_296,not correct china now face financi problem their larg construct compani big troubl,Fake
Fake_297,onnupodo,original
Fake_298,മതത കടയലധക ആൾകകര കരളതതലളള അപപള പരമണ,Fake
Fake_299,എനതകക കണടല കടടല പഠകകതത ജനങങൾ മറയരകകനന,original
Fake_300,ചനയ തകർകകൻ ശരമചചവർ ഇപപൾ അനഭവകകനന കവസ കരളതതൽ ഇതരയതക കടനന എനത ഗജറതതല യയയല ഇതരയദക വർദധകകനനലല,Fake
Fake_301,ഹഉതതര കറയയൽ എതര കടകകണകകനളകൾകക,Fake
Fake_302,ശസതര കടതൽ ഉളള കമമയണസററ ചനയല ഇററലയല ഏററവ മരചച,Fake
Fake_303,വയലറഴത ഇതപല,original
Fake_304,parayunnath onn cheyuunath veronn nalla best coordin,Fake
Fake_305,അധകരതതൽ എതതകകഴയമപൾ എലലവര ഇതരതയൽ തനനയണ പർടടയട പരകളൽ മതരമ മററമളളകലഹരണപപടട ആദർശങങളട പരൽ ഇപപഴ പവപപടടവരട ഊററനനപരസഗവ പരവർതതയമയ ബനധമലലതത ഇവരൽനനന നലല കരയങങൾ പരതകഷചചങകൽ ജനതതനറ തററണജനതതനറ മതര,original
Fake_306,rakthasakshiy kittiyathint akhoshamano,original
Fake_307,സജൻ sir ഉളളത പറയ മതമയല മറനടൻ ചനൽ ഉയര,Fake
Fake_308,കതതമപൾ വടടക കറണ വരമപൾ തരവതര കളകകക,original
Fake_309,kollam super,original
Fake_310,ചനയ നശപപകകണ പടടകൾ,Fake
Fake_311,deltaum ind omicronum educ illatha partyum kure shavamgalum,original
Fake_312,വജയന ബരകകലലതത ഭരണവ,original
Fake_313,ചനയണ ഇതനറ ഉതതരവദwho തലവൻ tredrou adhanom കടടകകടപപകരൻഇനതയയയ വളർനന വരനന മററ രജയങങളയ തകർകകൻ വണട തനനയണ ചയതതസതയ പറഞഞത കണടണ ടരപന അധകര നഷടമയത ശസതരജഞര മധയമങങള ടകനളജ ഭമനമര അദദഹതത കമളയകക ചതരകരചചഅങങന നഷടമയലക നയനതരകകനനത,Fake
Fake_314,ആശന അടപപല,original
Fake_315,ചനയട വളര തനതര പരമയ ഇടപടലണ നടതതനനത ആദയ സവനത നടടൽ പരകഷണ നടതതകയ വജയകകകയ മററളളവർകക സശയമലലതവകയമയയ അമരകകയയ യറപപനയ തകർതതൽ അവർകക ഭരകക പരവചന പറഞഞടടണട അവസനകകല കണണ ഇറങങയവർ ഭരകകമനന അതലകകളള മനനരകകമണത,Fake
Fake_316,എനക ഒനന പരശനമ അലല,original
Fake_317,one world order,Fake
Fake_318,ദരനതങങൾ ഒനനന പറക ഒനന നനനല കററ കടതത ഭരണ തടര,original
Fake_319,ഊമപയ രജയ,Fake
Fake_320,കരണവനമർകക അടപപല തറdhe eppo,original
Fake_321,തവരവദകൾ പരതതനന,Fake
Fake_322,ജരമമനകരന ജതന എഴതയണടകകയ കമമയണസവമയ യതര പലബനധവമലലത ജതനറ പരടടയട പരല അറയപടനന വടകക മലബറല തയയന നമപയര കവല തയയ കളളകടതത മയകകമരനന കചചവടവ പരവ നടതത കടകള സമപദകകനന പരടടയണ കരള കമമയണസ,original
Fake_323,avastta,original
Fake_324,തരവതരയൽ അലല ആയരകക വലയ പജയ വണപയതരകക,Fake
Fake_325,വണകക വലല പണയ നകകനനത നലലത,Fake
Fake_326,chankil china,Fake
Fake_327,where state health minist whether she aliv not asham your parti congress useless meant for noth,Fake
Fake_328,പലയണ കടട,Fake
Fake_329,എനത ചയയ ചകക ചയയലല ചനകക സപപർടട ചയയൻ രജയങങളണടവ മതരമലല ഐകയരഷടര സഭയൽ കടപപയലര തകകത ശസന അതരയളള അവർ വണടമതതനന ഏഷയനററന ചയയനനതകക മനപപർവ അറഞഞണട ചയതടട പനന മപപ,Fake
Fake_330,നണമലല ഇവർകക പറയനനത ഒനന ചയനനത മററനന,original
Fake_331,they have the antidot,Fake
Fake_332,ഒനന പറയണലല അനഭവകകക തനനപത കഴതകകളണ എനനലല വപപ,original
Fake_333,ലകക ഇടട അകതത ഇരതതൻ നകകണട കലല ഞങങൾ കടട കൾകകലല,original
Fake_334,the eye dark,Fake
Fake_335,അറവ enna film ഇതമയ നലല ബധമണടലല അതല വലലൻ തനന all,Fake
Fake_336,covid thiruvathira mela kashtam,original
Fake_337,സജൻ പറഞഞത നടകകടട കഴഞഞൽ ചണക വറസകൻ സതയതയണട,Fake
Fake_338,prasangam allath pravarthi illa,Fake
Fake_339,who ഫണട ചയയനന,Fake
Fake_340,ഇരടട ചങകൻ ഇങങന ഒകക പവങങളട മഖയൻ ഇതണ നലല സനദശ പരവസ എലലര കതര കറനനത കടടതതനട മതര പനന ആരഗയ മനതര elllathinum quotസപപർ quot മഖയന കരള ഹപപ ഭഗയതതന കരളതതൽ അലല ജവകകനനത,original
Fake_341,വനശതതനറയ ഭകരതയടയ മതകകർകക എനത കറണ,Fake
Fake_342,vaccin safe then whi govern not readi give compens for futur side effect,Fake
Fake_343,മറവദയൻ മരണങകൽ അവരട വലലവള ഏററടതതഅവർ കടകകടട അതടഅവസന കകമലല എലല,Fake
Fake_344,adipoli,original
Fake_345,പലൻ തനനയണ ദരഹത ഉണട,Fake
Fake_346,ചനയൽ നനനണലല ആദയ തടങങയത but ഇപപ,Fake
Fake_347,enthaa cheyyukaanubhavikkuka,original
Fake_348,it high time the pass resolut against dragon isol china and save human,Fake
Fake_349,thank you doctor,Fake
Fake_350,america wuhan lab bombittu champalakkanam,Fake
Fake_351,കറണ അതഗഭരമയ ഘടട വരവൽകകനന cpm ഗവർമനറ മണടൻ മധരസബ,original
Fake_352,ഉതപനനങങൾ ബഹഷകരകകക,Fake
Fake_353,പണറയ സവയ പങങ എനന പറഞഞകകരത,original
Fake_354,തരവതര നടതതയടട കറണ കറഞഞലലങകൽ ഒപപന ഒനന പരകഷചചല മർഗഗ കളയ പരകഷകകവനനതണ,original
Fake_355,aar ingan cheythath anelumnaamokk etr budhimuttunnundenno,original
Fake_356,varendannu paranju kaanum viru ilibhyanaaayi,Fake
Fake_357,ഇപപൾ ലകതതല ഏററവ സകരമക വറസ ലടവദയനണഇവന എതരയ പടടനന ഏതങകല കവഡ രഗയകട ഒററദവസ മതര മതഒനന കഴയൻ അനവദകകആരഗയമനതരയടളള അപകഷയണഇവനഈ വറസന മലയളകകരയൽനനന രകഷകക,Fake
Fake_358,കളള,original
Fake_359,ഓഗസററ ഇനതയകക സവതനതരയ കടട എനന പറയനന ഇവട കരളതതൽ ജനചചതകണട ആണനനറയലല അങങന തനനനനലല,Fake
Fake_360,പടടൻ,original
Fake_361,യതര ദരദദശവ ഇലലങകൽ പനന എനതകണട നരതത wuhan lock ചയത ലകതത അറയചചലല മകകൾ കമമയണസററ ഭരനതനമർ,Fake
Fake_362,മനഷയന സരള ഹദയനയ സഷടചച എനനല അവനറ സങകരണപരശനങങള തനന സഷടയണ ബബൾ,Fake
Fake_363,ചരചച കണട കഴതത അറകകനന നകകകക യദധ ഉണടൽ തകർനന അടഞഞരകകഇത ചനയട,Fake
Fake_364,asianetil oru good program content creator present need,original
Fake_365,നരധകകമയരനന,original
Fake_366,കറണ പയല തടട തണടയ ജവകവണട എനനങട തരമനകയ,Fake
Fake_367,china uyir,Fake
Fake_368,sare britton vartha akkiyal ollathu parayukayoullu elect covid mela nadannapol thankal onnum mindath erunnu eppol botham vanno,Fake
Fake_369,patti narik ellam thudagivachitt china ninnu thudachubnikkum ennumatturavakkayalloooeni nigalkku enthum avvalloo,original
Fake_370,ഇപപൾ എലലവർകക പടമറ വരനന,Fake
Fake_371,paranariyepedichittaomikronkoronaavidekkkukadakkathathu chennalkadakkupurathuennukelkkandayennukaruthiyanupokathathupolekathipathikkendumakamallo,original
Fake_372,chinay veruth vidaruth,Fake
Fake_373,omicron it great privileg work with the kerala govern veri happi for thi deserv welcom thank you,Fake
Fake_374,ജഹദ,Fake
Fake_375,viru incub china ottapeduthanamthey kill million and blame natur,Fake
Fake_376,cpm thann parupadi kal ellam cheyunnath jannangal viddikallakkiyath nirthathayilla nadinnapathannu ulla ellarum sampannarayil adipidi kku poya kurachuthandik mathram vayinookki nadakkunnu share ittu kallukudikkan,original
Fake_377,തരവതരഭഗവൻറ പറനനളണ തരവതരതരവതര അലല കകടടകകളകരളതതല ജനങങള മഴവൻ വഷമപപചചടടണട ആഘഷ,original
Fake_378,എനതയല പയകകടടയലല,original
Fake_379,all be doctor nowpeopl know about covid nowthey protectionmaskayuved treatment methodremidi give instructionsand guidelin noth worrybut lockdown and some panic here,Fake
Fake_380,ini onnum cheyathirinalmathi munn paranjathu pinarayi divasam corontain aaki,original
Fake_381,,original
Fake_382,നടടകരട ജവൻ പയൽ മഞഞരമയകകനതലലഫസറകര ഗററസമകക എതര തനന,Fake
Fake_383,ചനയല കറയയല എങങനയണ കറണ പടരനനത വനനവര അപപപൾ കനനകളയകയലല,Fake
Fake_384,china devil,Fake
Fake_385,അകല പലചചളള തരവതര ആയരനന,original
Fake_386,സപപർ എഡററങങ അവതരണ,original
Fake_387,seem realist analysi after long time sinc covid be report first,Fake
Fake_388,quotഎനറ എനറ ഫഗർ quot എനന തരതതൽ അനയയകളകണട സതത പടയകകനനത കണടടടഉതതര കറയയയ quotകമമനയquot ഓർതതപയ വഴതതപപടടവനയ അടതത പർടട കൺഗരസ പരഖയപകക,original
Fake_389,പരവസകൾ നടനറ നടടലലണനടടൽ വലല സഹയവ വണട വനനൽ മതര,original
Fake_390,china indiak ethir preyogikan vendi america yude kayyil ninnu medicha viru aanu ith bombukalilum matum upeyogikan ath buhanil labil soikshichirunn but enganeyo chaadipoyi ennanu coronay pati adyamokk precharichirunnath manushya nirmithamaya anennum pareyunnu ethratholam sathyam anennu ariyilla,Fake
Fake_391,രഷടരയകർ അങങന അതന പകനന ജനങങള തലലണടത,Fake
Fake_392,കരണവനമർകക അടപപല ഞങങളട പർടട കരള പറമപ ആളകൾ ithineyaanu nammal thenditharam ennu parayuynnathu bhoo,original
Fake_393,തററ ചയതല തനനയണ,Fake
Fake_394,എനത നമമളൽ ചയയൻ കഴയ എനന ചനതകകനനത നലലത,Fake
Fake_395,എനത പറയ ഒനന പറഞഞടട കരയമലല ഉളപപലലതത ജനതകകൾ,original
Fake_396,തററ ഉണടൽ തരതത പകഷ മടകക മററളളവര പററപപകകലണ എങകൽ അവരട ബദധയ പരശസകകക ഒരൾ നമമള സവധനചച രതയ പരഗഗചച നമകകളളതന കകകൽ ആകകയൽ ആരണ മടകകൻ ചതകക പടടവൻ ചതചച വങങയവൻ ഇങങന മററ ളളവര തനറ വർപപകകനന കമള കമൻ ഒനന ചനതകക ആർകക പററ ഇവട ബദധ ഉളളവൻ,Fake
Fake_397,നമചച പനന ഇങങന പളചചടകകണ,original
Fake_398,പണറയ ഭഗവന ഭഗവതയ നമമള രകഷകക,original
Fake_399,great depress come,Fake
Fake_400,thudarbaranam viddittham aayi,Fake
Fake_401,ban china,Fake
Fake_402,തരവതര എനന കലരപതത ഇങങന തയതൻ പടലലയരനന,original
Fake_403,oru nanakkedum ella eniyum nadakkattea kumbha melam jai mahadeva,Fake
Fake_404,aaahaa,original
Fake_405,true,Fake
Fake_406,എലല ജലലകളല തരവതര സഘടപപക അപപൾ കറണയക സകരയ ആയരകക,original
Fake_407,നങങൾ പറഞഞതനട യജകകനന ഇവട ദബയ അതനര ബസററ ഉദഹരണമണ ആളകള എഫകററഡ പകഷ കടതല മസതതനളളൽ ബദധമടട ഇലലത റകകവർ ആകനന ഉൾപപട,Fake
Fake_408,മഴവൻ അവമരട കൽകകൽ ചലലൻ വണട,Fake
Fake_409,ടരൾ,original
Fake_410,ഇരടട ചങകൻ ഇങങന ഒകക പവങങളട മഖയൻ ഇതണ നലല സനദശ പരവസ എലലര കതര കറനനത കടടതതനട മതര പനന ആരഗയ മനതര elllathinum സപപർ മഖയന കരള ഹപപ ഭഗയതതന കരളതതൽ അലല ജവകകനനത,original
Fake_411,ദരഹതയട പടടകയൽ അവൻ ഇതനറ സതരധരൻ,original
Fake_412,thi not thiruvaathira new gen pinuvathira,Fake
Fake_413,absolut right about makkah pilgrimവവകമലലതത ഭരണധകരകൾ ഭരകകമപൾ കഭമളയകക നടകക,Fake
Fake_414,anthada thayoli kumba mela nanakedum thableek rajyadrohavum aakumnnath,Fake
Fake_415,evarkok corona pidich kudumbathil elavarku pidikul,Fake
Fake_416,ithujanasangiakurakkanvendinirmicjathanooallathenthuparayan,original
Fake_417,ഷജൻ സകകറയ സലബരററയണ സരഷന നലലര മധയമ പരവർതതകനണ,Fake
Fake_418,ulupp illatha sarkar,original
Fake_419,epoyengilum saajan makkayud nanma paranjallo good kuodut padik eniyum parayaam,Fake
Fake_420,തബലകകർ മർകസനറ അകതത തനനയയരനന അവർ പറതത എവടയ പയടടലല കവഡ പടർതതയടടമലല കടത വദതത തളളയരകകനന ഇപപഴ നനറ വർഗയ തപപകയണ,Fake
Fake_421,note thegel thabalegu,original
Fake_422,ചനസ പരഡകററ ഉപയഗകകരതനന ഷവമ ഫണൽ നനന കമനറ ഇടനനവരട ഒകക അവസഥ,Fake
Fake_423,bcg vaccin,Fake
Fake_424,para nari cpm parti vijayan bulshit,original
Fake_425,doctor can speak onli support vaccin not will face difficulti,Fake
Fake_426,എനത പറയ ഇതനകക എഡററ പളചചഎടപപൾ പലതരവതര തരവനനതപര കരളതതല മനതരമരണ മതക,original
Fake_427,parti paruvadikk corona marinilkumm,original
Fake_428,alpant oro samaasha,original
Fake_429,എപപഴണവ വണട തരവതര ഒനന പങകടകകനണ രസലല കവഡനറ ടൻഷൻ കടടമലല,original
Fake_430,വണകക വലല പണയ നകകനനത നലലത,Fake
Fake_431,cpm സമമളനങങൽ കഴയനന സഹചരയതതൽ ഏകദശ കഴയമപൾമതർനന നതവ ഭരണതതൽ ഉളള ആളവ ഇലലതത,original
Fake_432,ൻപററതതഅവസഥ,original
Fake_433,പരശദധമണ കവഡ രഗയ ഗഗയൽ കളചചൽ മകതമക കർണവലൽ തണയലലത നടകക അമരകകയല വഴയരതത രതകരഡകൾ കഭമളകക എതതനന നഗനസനയസമർ തണയടതത വരണഭസമതതൽ മങങ കളചച വരനന സനയസമര വറസകൾകക ഭയമണ സനനയസമർ ആരതനന വനന മരകകകയമലലഈ അതഭത കണട ഞടട,Fake
Fake_434,thank,Fake
Fake_435,കഴയമപൾ ചനയ എലല രജയങങള പഞഞകകട,Fake
Fake_436,തരവതര എലല,original
Fake_437,മറനടൻ ഇകകരയ വലയതതൽ വർതത ആകകക ലകരജയങങൾ ശരദധകകടട ഉതപനനങങൾ ചനകക വളയൽ വരരത,Fake
Fake_438,അപപൾ ഗൾഫ നടകളൽ കടതലണ കറണ നശകകണടതലല പനന എനത മരണ കടതൽ അലല,Fake
Fake_439,thi predict santhosh sir kaliyuga jyothisham now it the name america,Fake
Fake_440,എനത പറഞഞടട കരയമലല ജനങങള രകഷകകൻ നകക,Fake
Fake_441,cpmlpjayarajanuorunithipinnarayikkuverorunithiyo,original
Fake_442,good speach,Fake
Fake_443,കറണയകള വലയ വറസ ഇവട ഉണട,Fake
Fake_444,മലയളകൾ സവർതഥ തലപരയങങൾകക തകക കടകകനന കണടണലല തരവതര കളകകൻ കടടയത,original
Fake_445,viru avar kandupidichenkil marunnum kayyil kanum kure ennam chathottenn vekkum athu avarud rajyathanelm mattulla rajyangalilanelm avarkkonnumilla poy kazhiyumbol marunn kandupdchu ennu paranjini varuonna ariyendath cubayud marunnundo ennum samsayikkam,Fake
Fake_446,കരണഭത പണറയ വജയൻ പളചച,original
Fake_447,നടടലല ഉളള ചനൽ ആണങകൽ ഇനനല കരള ഗവണമനറ കഴൽ ബർഡ ആയരതതള വരനന ആളകള വചച നടതതയ പരപടയ ഒനന വമർശകക നങങള സപരഷണ ചയതതലല ആയര എനന കണകക പറഞഞതത നങങളട റപപർടട ആണടട എനതയല പരപടയൽ ഉളളതനകകൾ കടയടടണട തരവതരകക ചറയ അകല ഉണടയരനന ഇവട തടടരമമയണ നനനത നടതതനന എലല പരപടകള വമർശകകനനത അലല മനയത സലകററവ ആവനനത ശരയലലല,Fake
Fake_448,വഡയ ഡലററ ചയയ കണമപൾ സങകട വരനന സതരകൾ കരയ മറയത ഉണണ എനന ചനതചചണടയരകക,original
Fake_449,arogya mantri undo area aaaaa,original
Fake_450,കഷട,original
Fake_451,വവര ലലങകൽ മണടതരകക ഷജഹൻ അറയനന കരയ പറഞഞൽ അലല പയഡ നയസ ആണങകൽ ആയകകടട ഇങങനയകകയലല തനകക ജവകകനവ,Fake
Fake_452,maha kallan,original
Fake_453,അധകര കഴച മറകക അനധകരതതലകക നയകക എനകകറയമയരനന അയള വലയ കസരയൽ അണകൾ ഇരതതയപപഴ വഴചയലകക പകമനന,original
Fake_454,മനരമയ സമമതചച ആയടട ആളകള ഇതൽ കടതൽ പരതകഷകകനനലല,Fake
Fake_455,മസക കടട വരനനവര വവര ഇലലതതവർ എനനലലത എനത പറയൻ,original
Fake_456,അങങന വരടട,Fake
Fake_457,അറയ,Fake
Fake_458,നമമട കഞഞനജൻ ധരജന ആദരഞജലകൾ udf തലയടട ചമമതയലല കൺഗരസന മലയളകൾ തടർചചയയ തൽപപകകനനത ജനങങളകക നനദ,original
Fake_459,എങകൽ അവർ കലയർ ചയത എനന പരഖയപകകമഇരകളയ അഭനയകകലല അലലങകൽ മഴവൻ അവര സശയകകലല,Fake
Fake_460,എവടനന വനന എങങന പനന,original
Fake_461,വളര വയകതമണ സമനയ ബദധയളള എലല മനഷയന മനസസൽ ആകനന കരയ അതകണടണ പറതതറയചച ഡകടറ മധയമ പരവർതതകന മരണ പടടത ചനയടത അലല രഗകരണ എങകൽ എനതന മറചചവചച മററളളവർകക പകർനനകടതത രഹസയ ആയധ അവർ കഴടകക ചനയല പതത ഇരപത ജനങങളൽ ഒതങങണട ചനയ ഭയപപടട പറയനനലല അമരകക ഭയനന അവര തളർനന രജയതത എതത പടടളകകർ സഗത ഈസയയ പടചചടകക,Fake
Fake_462,piti those call ladi eulogis rakshasa like our hiranyasha epic marxist parti have stoop down the level idol individu and lick leader chappal just for some favor free kit ornament public sector job will anyth despic incorrig social wast,Fake
Fake_463,ഇതരയ ഉളപപമലലത വരഗഗ ബദധ വവരവ ഉളള ഒരതതന പരടടയല ഇലലലല,original
Fake_464,ഇതതവണ ഇവററള ജയപപചച വപലവസഗങങളകക അഭവദയങങളനനനയയളളമലയള ചററകള പഠകകണ,original
Fake_465,കരണഭത,original
Fake_466,കപപൻ സനമ,Fake
Fake_467,evanayokka kallariyanam health minist have limit pinarayi thanna ellaam,original
Fake_468,pani edukatha thozhil urappukaru pension kodupukaru plastic thodatha hridhakarmakaru ward nokatha member maru asha worker mari angan sagala marxist recruit karum thiruvathira kalichonam paiyan marichathil paduppu mudikitundallo haa athu mathi enavum,original
Fake_469,കമമഷൻ വജയൻ ഭരകകമപൾ ഇതലല ഇതനപപറവ സഭവകക,original
Fake_470,entha chykaa minnal murali shakthi enik dayvam tannirunengil ennu agrahikkunu,Fake
Fake_471,തരവതര കളചചവർകക നടതതയവർകക കതരവടടതതലകകളള പസസ കടകകണ,original
Fake_472,all the bst china and nighalkku athu saadikatt god bless you,Fake
Fake_473,നമമളവട വർതത കണനന നരതത അവനമർ കലല കഴഞഞ ഇറങങൻ പകനന വറസനറ പരയലയരകക,Fake
Fake_474,സരയനന,original
Fake_475,ഇനതയകകർ ചനസ സധനവ ഉപയഗകകരത,Fake
Fake_476,anu bomb ittu china illathakkenam,Fake
Fake_477,assaanu adupoilum aavaam,original
Fake_478,pravasik ano koronakkar,original
Fake_479,കയൻസർ ബധതനയ പരപചച വയസസളള ഉമമൻ ചണടകക കറണ പടപടട മയര സഭവചചലല പലവധ അസഖങങൾ ഉളള വജയൻമഖയമനതരകക കറണയകക ചകനനനനവര കലലൻ മതരമ കഴയ നങങൾ ചർതതകകടതതരകകനന കലപരവഷ കടടൽ സകഷൽ നടങങ ഇതനന പറകകലല മകകള ഇലലതത രഗതതന മനഷയന പടപപചച കചചവട നടതത ഉണടകകനന എലലവന ഓർതത അതനന നൻറയനന കടബതതന ഉതകലല നൻറയകക തലമറ ദരനതശപതരയൽ തനനയയരകക,Fake
Fake_480,അതഭദ,original
Fake_481,എങകൽ usa ഉടൻ തനന covid എനതയല മററരജയങങൾ കടട,Fake
Fake_482,സപഎ മഴവൻ കമഡ ആണലല ഇപപ,original
Fake_483,ഒരൾ ഒരകകലലല മരകക,Fake
Fake_484,sir china long,Fake
Fake_485,പണറയയട തരവതര യകകൾ നലലത മഡയട പതര കടടൽ ആയരനന,original
Fake_486,നശചച രജയ തലയടട,Fake
Fake_487,അങങനയങകൽ world war പരതകഷചച,Fake
Fake_488,സവനത കരയ സനദബദ,Fake
Fake_489,ethinokk paranju vidunna veetukkar paranj mathi oru jathi bhodham illa team aanello full,original
Fake_490,രഷടരങങൾ ഒനനചചനനനല ചനയ ചയയൻ നങങൾകക കഴയലലവടവയതതരങങൾ പറഞഞ വറത ആളവക,Fake
Fake_491,ethinu eragi thirikkunna pennugalea ntho parayana,original
Fake_492,വഷമ വരബൾ,original
Fake_493,peopl will immun corona slowli and disappear,Fake
Fake_494,sad see tradit use for polit campaign,Fake
Fake_495,hello marunadan stori the sacrific indian soldier wwi and wwii today dday remembr global where alli land beach normandi fought for british both world war without may have lose nobodi rememb particip there be memori britain india request you show find ani survivor who still around give chanc celebr our own,Fake
Fake_496,corona jesu oddikkum,Fake
Fake_497,njngal kalakaramar show cheyan covid protoc nikki anumathii chidhicha tharula ingalkku enthum avam preshnam ella,original
Fake_498,manushyn thenn kollunnu,original
Fake_499,ലകതതൽ ഏററവ നലല മനസൺ പണറയ bijyan,original
Fake_500,അനഭവചച എലലവര എടതത തലയൽ ഇരതതയത അലല വണട അപപ ഇതലല ഇതല വലത കടടണ,Fake
Fake_501,നണവ മനവമലലതത സപഎ ശവങങൾ അലലത എനത വശഷണമണ ചററകൾകക നൽകക,original
Fake_502,corona chinayud jaiva ayudhamaanenn nerath samshayam ullatha,Fake
Fake_503,china appl phone car watch copi adikunath pole eluppam ullathalaa corona viru ennu orkanam manapoorvam adichu irakiya ane first experi avarud janangalil prayoghichuu chines governmentind neriketta chintak karanam,Fake
Fake_504,appo kalyana veetil thiruvathira kali vaychal perkk pankedukkallo,original
Fake_505,all includ inhistori,Fake
Fake_506,when idiot rule the state thi what happen,Fake
Fake_507,തരവതര കളകകന parda കകര ആരയ കണടലല വനത മതല kettiyappol അങങന അലലയരനന,original
Fake_508,വലലതത തലകകടട,original
Fake_509,ഇനയലല പടടൻ പർടടയൽ,original
Fake_510,maakrikal thiruvathirayanoo ningald marunu,original
Fake_511,പളളയൽ വചച ഒരമചച നസകരചചതന പരത കടതത സപഎ എടതത പലസ അടചച ഞങങള അയയയയ ഇതനത നയമ എലലതതനട പചഛ,original
Fake_512,എലല ശരയക,Fake
Fake_513,corona lokam vitt poyirunenkil,Fake
Fake_514,കരണ,Fake
Fake_515,എനകകര ചറയ സശയ പർടടയട പരപടയ സററജന ബഗരണട കർടടൻ കടതതകക ആരങകല ശരദധചചടടണട,Fake
Fake_516,മണടൻ കമമ,original
Fake_517,തമപരൻ തരമനസസ സനതഷതതൽ പളകതമയ,original
Fake_518,നനകകകക അടതത സനമ വരനനണട എലലതതന കണകക ചദകകൽ ഉണട കതതരകക,original
Fake_519,ithrem nannom kett oru rashtriya parti vere undavillaa,original
Fake_520,പതളതതൽ എനടര ഇലല,original
Fake_521,ഉളപപ ഇലല,original
Fake_522,കണനനഞൻ എനന പരവസ,original
Fake_523,china chatiyanmaranu avanmar indaki vitatha itu avanmarud kayil marunnum indu avanmaranubitinu pinnil,Fake
Fake_524,പരവസകൾ ഞങങൾ തരവതര കളചച,original
Fake_525,kayuth aaycha aayalloda nee enth varthayado ith,original
Fake_526,എനതവടയ,original
Fake_527,നശപപചച കളയണ കമമയണസററ രജയതത,Fake
Fake_528,വരകൾ എഴതയവൻ എനത ദരനത നകകണ,original
Fake_529,ent ponnu manushyar paattu kettu pankajakshan kadal varnan enna pattu marannu full quotinne keralam bharicherdum quotenna vari aanu manasilum navilum muzhuvanum ippo,original
Fake_530,വലർ എഴതമ അനതസസ,original
Fake_531,മലയള കഷമ ശലരണ,Fake
Fake_532,കരണഭതൻ,original
Fake_533,ഒനന എലല പടചചനറ പരകഷണ,Fake
Fake_534,bodhidharman,original
Fake_535,edhu covid ennay omicron avaruday alliyanmarayum villichu verutunadhu pollay undu nice,Fake
Fake_536,തഴലളകളട പകകതത അറഞഞകടതത പണകക പകലല ചചചമര നടടകർ ചരകക,original
Fake_537,ഷജഹൻ തങകൾകക പതര പരവർതതകൻ ആകൻ യതര യഗയതയ ഇലല തങകൾ മൻവധയടയണ ഇവര സമപചചത സതയ മനസസലയടടലല ഒനന പഠകക,Fake
Fake_538,nink onnum patilla verth oro news,Fake
Fake_539,പററകൾ അടകകവൻ എലലവര തയയറകകഅടതത കററൻറ സമയമയ,original
Fake_540,എനത പർടടയണപപ,original
Fake_541,china ude kayyil predhirodha marunund ath logathodu parayanum vayya eanna avar aanu viru irakiya eannu manazilakum pani kittu athu kond ulla kurach perkku marunnu nalkath konnittu nammal onnum arinjil rama narayana mattil america vilanennu kanikyan srimikunna onnu ortho ith nale kaanu mari kadakum karanam make jay india,Fake
Fake_542,ഒനന ഇനറർനഷണൽ നയസ ചനൽ അപപൾ അറയ സതയവസഥ,Fake
Fake_543,പണറയകക അടപപല,original
Fake_544,പതജന എനന കഴത,Fake
Fake_545,ye bioweapon use against the human,Fake
Fake_546,അവർകക എനത,original
Fake_547,സതയ പറയന ധരയ great sir,Fake
Fake_548,ningal kandal nalla look anallo man valla veshyaa panikkum poykud,original
Fake_549,ചലർ സസരകകമപൾ എനനണ കടതല പറയനനത,Fake
Fake_550,രകതസകഷകള കടടയ അഹലദധ പരകടന,original
Fake_551,ividathepol azhinjadan samathikkilla thattikkalayum,original
Fake_552,logam muzhuvanum padarnnil,original
Fake_553,നസമദനല തവരവദ സമമളന കരണ ദവസതത ലകക ഡണനറ പരയജന രജയതതന നഷട ജനങങളട സഹന വയർതഥ ദശലകഷ കണകകന കടയണ ഇനതയൻ ബസനസസൽ ഇവററകളട സവതത കണട കടടക വദയഭയസ കടതതൽ വവര ഉണടകണമനനലല എനനതന നലല ഉദഹരണnia അനവഷചചൽ പടകടട ഇതന പനനല യഥർതഥ കരയപവ കയമർ ഉപകരണങങൾ ആവകയയരനന,Fake
Fake_554,എനറ കറണ പകലല കരളതതല ദഷടനമര ഉനമലനശ ചയതവണ പകന കരളഭരകകനന തണട പരഷകളകകടകണട പകണമ നയനറ മകകള കരണ ഞങങളകകവട ജവകകനവയയതയ,Fake
Fake_555,രഷടരയകകർകക എനന വളകകക വണട മഞചൻ പകനന,Fake
Fake_556,smoke,original
Fake_557,njan saghavanu but partyk mukalil arum padilla paranja alu thann pukazhthi paada parti evidrkka pone appo jayarajettan kurichu padiyapol enth nadapadi eduthu,original
Fake_558,അവസരതതൽ മഞച കതത ഇരകകനന പടചചന വണടയര നസകര,original
Fake_559,എനതകകയട പറയനനത,Fake
Fake_560,nde kayil pooooo mala,original
Fake_561,നമമട കഞഞനജന കനന സധകരനറ കലയള കൺഗരസന തരഞഞടപപൽ മലയളകൾ ശകഷകകമനനറപപ,original
Fake_562,കഷട chehh,original
Fake_563,noth will happen,Fake
Fake_564,കണനളള ശഷയലല,original
Fake_565,china yude kaivasham corona kkulla medicin vaccin adyam undaayirikkumavar ithu manapoorvam shathrukkal nashippikkaan cheythtathaayirikkumchinayeyum ithupol thakarkkanam,Fake
Fake_566,ചതതട,original
Fake_567,deltacron,original
Fake_568,തർചചയയ ഇലലതവ,Fake
Fake_569,വയലർ എഴതമ,original
Fake_570,ഉളള രജയങങൾ എനന പറയമപൾ ഗൾഫൽ എനതകണട മലയളകൾ മരകകനന ഇവട അതരയകക ഇലലലല പനന ഇപപൾ കരളതതൽ പയതപപൾ മറനനവരട സഖയ കടയടടണടലല,Fake
Fake_571,good newshappi happen soon,Fake
Fake_572,yenthukondu vaccin yedukunnavarku side effect undakunnu yennthu simpl ayittu yellarkkum manasilakkunnathupol paranjalentha,Fake
Fake_573,അറയനന കരയ അയൾ പറയനന നമമളട ഇഷടതതനപറയൻ പററമ ഇഷടമളളവർ കൾകക like അടകക അലലതതവർ unlik അതരമതര ചമമത വഴകകനരകകത,original
Fake_574,lokath sambathikamaye thakarkkuka enna otta karanam chinay sukzhikkuka,Fake
Fake_575,കമമകൾകക ഒനന ബധകമലലഎനതമകഎനതര ദരനതമണ കരളതതനറ അവസഥയസപഎ സമമളനങങൾ കഴയൻ വണട കതതരകകകയണ പണറയ വരനതയ ലകക കർഫയ പരഖയപചച ജനങങള വടടൽ ഇരതതൻ,original
Fake_576,പർടടകകരനയ വദയർതഥ കലലപപടട അവസരതതൽ പറശശലയൽഅത കവഡ എററവ കടതൽ പടർനന പടചചരകകനനതരവനനതപര ജലലയൽquotപണവതര കകള quot നടതതൻ ഉളള ഉളപപലലയയമ നമമട ചഗകകൾകക മതരമ ഉണടവളളഅതകണട അടതത തരഞഞടപപല നമകകപതജന എനന കഴതകക തനന വടട ചയയ,Fake
Fake_577,എനതയല ചരചച ഇങങനയ ഉളള നമമട മനതര ആകകയത കഷടട,original
Fake_578,പരവസകളലല നർതത നടടൽ വനനൽ കരളതതന അവസഥ എനതവമനന രഷടരയകകര നടടകര ചനതചചടടണട,original
Fake_579,ithenth koppil,original
Fake_580,hay illumin stop,Fake
Fake_581,anchor should least wait for the particip finish hi repli,Fake
Fake_582,തടടപപണ,original
Fake_583,ivarkok endhum aavum makkald kaliyanam nadathunna mathapithakalkk vendapettavar polum vilikkan pattilla endhoru sarkaranith,original
Fake_584,corona nashichu pott,Fake
Fake_585,നണമലലതത വർഗഗ,original
Fake_586,pretti,original
Fake_587,ഇതരയ ആയടട ചനകക എതര നടപട എടകകതത ലകപലസ അമരകകൻ പരസഡനറന എതരയ പരമയ പസസകകൻ കരള മൻക എടകകണട വരമ,Fake
Fake_588,ടസററ റപപർടടകൾ ഇലലത വറത കറണ എനന ആരങകല തളളവടടൽ അതകക വശവസകകൻ കഴയലല മർകസസവ കറണയ തമമൽ എനത ബനധ,Fake
Fake_589,സകഷരത കരള,original
Fake_590,veri suspici about china watch video explain corona start earli they hide mani month everi one know the doctor and few journalist told truth be kill lakh peopl might have die how can stop complet from sure devolv vaccin drug but never tell minimum year will take peoplethat mean corna bigin,Fake
Fake_591,മളയകക വനനവര ആഴച അവട നർതത ടസററ ചയത പറതത വടക,Fake
Fake_592,corona manushya nirmitgavum vaccin nalloru bisnessum,Fake
Fake_593,മലപപറതത പങകടപപചച ഒപപന ഉണടയങകൽ മതത കരള കമമയണസ പളചചന കടടയതത മർഗഗകളയ,original
Fake_594,polichu mother,original
Fake_595,china controlil aakki thudaggi,Fake
Fake_596,true all other nation should stand togeth and teach china lesson,Fake
Fake_597,നമചച അണണ,Fake
Fake_598,കറണ മറനടൻ വടക മരകമണ hypoxima sle tumor apoptosi fibroid calcif cancer anginabpectorisമനകകടട പഠകകൻ ശരമകക psychic killer bill gate expos global,Fake
Fake_599,minist polum,original
Fake_600,യതര പറയക നയൻ കറണ പതരമകകരത നയനന വദനപപകവൻ പഴയ വണട പരഭത ടരണ മറനന ഒനനചച പകണ,Fake
Fake_601,ഉളപപ,original
Fake_602,cpm nirthi pokarutho സമഹക അകല oli പരവസ educ,original
Fake_603,pravishyam koodi all ollu,Fake
Fake_604,ഉളളപ ഉണട ഇവർകക,original
Fake_605,ivarrajyadrohikalennuethrapravasyamtheliyikkanam,original
Fake_606,ithinu pinnil china thanneyanu,Fake
Fake_607,എറണകള ജലലയൽ നടതതണ,original
Fake_608,pig thayolik,original
Fake_609,ഇവര ഞങങൾ വശവസചച,Fake
Fake_610,കടകക പറതത ജലല സമമളനങങള കഴഞഞ സസഥന സമമളന ഒനന കഴയടട കണചച എലലതത വടടല പടടയടട കററ,original
Fake_611,ignor them,Fake
Fake_612,uluppilayma bellandaya illandakum athanoru aswasam,original
Fake_613,rememb ani one take sword shall die for self,Fake
Fake_614,മരണതതനറ വയപരകൾ സപഎ,original
Fake_615,everyon know about thisathinu samanya budhi mathithat it the china doingwho doesnt thispinney america kandu pidichu polum,Fake
Fake_616,arenkilum pedippicho,original
Fake_617,കമമയണസവ ഇസലമകവ തവൽ പകഷകളണ,original
Fake_618,പരസവചച ഉണണകകടടനണ കവഡ ലകജനതയട കഞഞണണ,original
Fake_619,keralathil corona varsham kude kanum may,Fake
Fake_620,maricha vetil per vivahathinmu achanum ammayum azinyadan jevikkan vazi mutui nadakkunna janag arum irikkarud purgalo nercha undagil kananam poganam maranam nammal bayakkarud namal kasullavan alla rashtrya karun pedikkan divsam engil adichu polichu jevilkam,original
Fake_621,നങങളലല പടപപകനനത സതയതതല ഇവര സമധനപകകയലല ചയയനനത,Fake
Fake_622,തരവതരകക കറചച ആൾകർ ആവയരനന,original
Fake_623,എനറ പറശലയ കതതളണ,Fake
Fake_624,pathram kottooo,original
Fake_625,valuabl inform,Fake
Fake_626,trouser anu enna naan karuthiyath,original
Fake_627,മർകററൽ കനന തനനനന ഉണടങകൽ അടചച പടടക ചനയൽ ഇപപഴ ഉണട,Fake
Fake_628,എനതനനട,original
Fake_629,who be the poet aanavoor nagappan pinaray vijayan anyway great lyric onli vayalar bhaskaran master can write thi,Fake
Fake_630,vote cheythittu karayaruthu kit chakkathil moonchi cheythu ini enthinu kuttam parayunnu,original
Fake_631,uluppillatha team,Fake
Fake_632,നയമങങൾ ബജപ മതര ബധകമയരകകമനന എടതത പറയനനലല പനന quotആൾകകടടquot എനനദദശകകനനത സപഎ ഒഴക മററ പർടടകകരയണ കരണ ആളകളടമനഷയർ ഗണതതൽ പടലലലല,original
Fake_633,മറനടന കണടപഠകക സതയ സതനമയ വർതത അവതരപകകനനതകണട എലല ചനലകരകണടപഠകക,Fake
Fake_634,evarokk varum എലല sheri aakum nalla bharanam adipoli ഒനന പറയനലല വരതത vacha vina anubhavichal പററ aar എനത കററ പറയന പറചചല അലല പരവരതത പരധന എനന എനതണ മനസസലകകനനത എതര കടടയല പഠകകതത കറചച മനഷയര kore partykkarum athippol onnalla കണകക,original
Fake_635,sarkarvann tholviiii,original
Fake_636,എതര വലയ യദധ വനനല നരടൻ തയയർ എലല രജയ കരടയ കകളൽ അണബബ ഉണട എനനടട കറണയട ഉദഭവ എവട നനന കണടതതൻ വർഷതതട അടകകൻ പകനന ഇതവര സധചചലല പനന എനതന വറത,Fake
Fake_637,ഹനദകകളട കലകള വകതമകകൻ ഇവനമർകക വലയ ഉതസഹ,original
Fake_638,കറണയ കതരന പലയളള ചഴലകകററ രഗവഹനയലല പരകതയട സഹര നടതതൻ വനന അസരൻ സഹരചചടടപക,Fake
Fake_639,malabar panchangathil oru kala sarpa yogam kaanunnu februari muthal saptha grahangal raahuvum kethuvum bhandichirikkuna kaaragruha vaasam juli sooryan karkitaka raasiyil kayarunnathot andhyamaavum,original
Fake_640,എനത കണട എനനൽ മനന രജയo അവട ഉളള ജനങങൾ ഭരണകട പറയനനത അനസരകക ഇലലൽ വവര അറയ പനന ഇനതയ അമരകക വഢതത പറയനന ചയനന പരധനമനതര അലല ഉളളത ആവല,Fake
Fake_641,pravasikalanallo,original
Fake_642,thangalud vaku bhalikatt,original
Fake_643,partyil kazhivilla aruila,original
Fake_644,ഇവന കതതന നപപ കതത വകകണ കവഡ ഇതര എനന നനനയടടറയ വനനപപ പറതതറങങതതവന,Fake
Fake_645,ഇപപ എതത കമമയണസറ പർടട മസലസ,original
Fake_646,thithithara thi,Fake
Fake_647,athigaaaram enghan dhurubayogikkam enna gaveshanathilaaanu pinanaaariyum cpmumanubhavicho,original
Fake_648,eee koppan enthanu katti koottunnathu kastam,original
Fake_649,where thi world will happen such senseless thing while peopl be daili die due covid shame utterli,Fake
Fake_650,എഴത കടകകനനത വയകകൻ മതര മനതരമര,Fake
Fake_651,nuclear bomb itu chines administr kolluka athanu veandath,Fake
Fake_652,കരണവർ കടപപലയത നനനയ ഇലലൽ കണമയരനന,Fake
Fake_653,ചനയട മനസസലകകൻ പകനനത ഉളള കമയണസററ കരനണ ഒരകകല namban പററലല,Fake
Fake_654,schoolug mathram endhinu adakunnu,original
Fake_655,ഇതകകറചച ചനതചചരനന എനതയല ചനയണ ഇതന പനനൽ എനനനന തളയതരകകടട തളഞഞൽ അനന അവരട എലല അടതത വലയ യദധവ തടകകമക,Fake
Fake_656,america fund chines operatedand europ profit alwaysg,Fake
Fake_657,janang href distancemask use nannayi nadakkunnund ipol wordilath kondanu corona illatheyavunnath allath thanneyang workersint pravarthanam abhinanthanarhamanuchila meghalakalil iniyum classuk anivaryamanunannayi sajan achayanalla oru sub ayirunnugood luck,Fake
Fake_658,donald trump brought lot fact light but the world reject,Fake
Fake_659,നശനത കർകക എനത കവഡ omricron പറഞഞ അനറ തണടയല വളള വററ,original
Fake_660,who പരനര സഘടന ഇതര കഴഞഞടട കറണ വറസനറ ഉതഭവ കണടതതൻ ഇവർകകയലല മനപർവ കണടതതതതതണ എനന സശയകകണടയരകകനന,Fake
Fake_661,ഇവററകൾകക ശരകക വടടയ,original
Fake_662,chinayud chathi thann,Fake
Fake_663,നങങൾകക സപഎമമന പററ ചകക അറയലല,original
Fake_664,ദർബല രജയയ അലലങകൽ ശതരവനയദധ ഫലപരതഅലല പകര സശയ വരതത രതയൽ ഒടടക വയവലട പടരനന ജവയധ യളളവ കടലല വനതതല പർവത നരയല പരയഗചചടടണട ഉറപക വയവൽ മനഷയരലക വകകയണ കടടത ആളകൾ പടഞഞ അരകകനനത,Fake
Fake_665,കരണവനമർകക അടപപല,original
Fake_666,അവശഷകകനന വറസകള തതത കടട വനനടതതകക തനന കയററ അയകകണ,Fake
Fake_667,the prostutt cahan,Fake
Fake_668,communist ഭരണകട പരയഗ കളള,original
Fake_669,thi kaikottikali not thiruvathira kali which use conduct auspex festiv,Fake
Fake_670,കടയടകകമപൾ ഉളള പരതയക ശബദ കരണ corona വരലനന god pachari paranjath,Fake
Fake_671,കരളകകർ അതനകകൾ ബദധയളള വരണ കറചച വർഷങങൾകക മമപ തറവന പകർചചവയധ വനനപപൾ ജവനളള എലല കടടയടട മണണണണ ഒഴചച കതതചച ഓർമമയണട,Fake
Fake_672,pravasikal itra karuthalod kaanuna vere ethu sarkarund nattil ellavarkum kovid vannalum otta pravasikkum vararuth,original
Fake_673,കമയണസററ പർടടയ വയകത പജയലകകഇന തരവതര കറണകകല,original
Fake_674,പർടട അനഭവ എനന നലയൽ മററളളവരട മൻപൽ കനകകൻ ഒരവസര തനനതന സലയടട,original
Fake_675,verupich konn,Fake
Fake_676,big salut jacob sir mohanan vaidyar,Fake
Fake_677,നയമ നടകകനന നടടൽ ഇവനകക എപപൾ അകതതയന,original
Fake_678,കമള,original
Fake_679,അങങന kammik വചച തരവതരയ കമഡ ആകക,original
Fake_680,ഇപപൾ ആരയ തലലണട ജയലൽ ഇടണട,Fake
Fake_681,നണകടട രഷടരയ,original
Fake_682,കവഡ വനനൽ തരവതര കളകകമനന കരള സർകകർഇവരണ സരകക മരണതതനറ വയപരകൾ,original
Fake_683,എലല വകസന തടടപപ corana രണട എടതതവർകക covid വനന കണടരകകനന,Fake
Fake_684,paavapettavan cash loan eduthu kallyanam nadathiyal corona varu parti paripadik varilla karanm polum thottupovum,original
Fake_685,there have be case coronaviru infect report russia far and death,Fake
Fake_686,അവതരണ നമചച,original
Fake_687,ഏററവ വറകകപപടട ഭരണ,original
Fake_688,youngster keralthil vannalea without ani parti keralam god own countri akathullu,Fake
Fake_689,അയയയയ അനയയ ഉളപപലയമ എനതര അതയവശയമയ പരഗര ആയരനന,original
Fake_690,കരണ,Fake
Fake_691,അഞചവയസനറ ബദധ പലമലലതത ഭരണകർതകകൾ,original
Fake_692,veri correct not countri onli you mention it total just see the corona fatal communist support china cuba russia lao vietnam nkorea death rate few number some have still singl digitsin case kerala also rule state heard news from channel dont know true that plan send medicin thru cubachina want destroy europ and usa western alli includ israelnow progress all respect they export world now protect piec equip,Fake
Fake_693,vivaram ullavan otta oruthanum ill parrtyil petti adiyum kittum nalla varaik,original
Fake_694,epattu ketu danc practic cheathvar avastha,original
Fake_695,മളകക വരനനത ആഘര സനനയസമർ വസതരങങള ഉപഴചച ശരരതത തനന മരണതത ഭയകകത ജവകകനനവർ അവർ ഒരകകല സധരണ സമഹവ ഇടപഴകനനലല അവരട തവളങങളൽ നനന പറതതറങങനനത കഭമള സമയതതണ കഴഞ വണട അപപരതഷരകനന അവർകക എനതനന കവഡ മരണ രജയ അലലങകൽ പരപഞച ശകതയ ആരധകകനനവർ മനസലകകയവർ ആരയ ഉപദരവകകനനലല അവര,Fake
Fake_696,ഓമകരൺ ചററ വലല ബബസ അവർഡ കടടമ കറണയ വടടതതൽ ചററചചതന,original
Fake_697,മററ രജയങങളട കരയ അറയലല പകഷ റഷയയല കറണ ഉണട എനറ മകന അവട പഠകകനന ഇതവര മരചചത ഒരള മതര,Fake
Fake_698,china thann srishtticha jaivaayudham illathakkunnu plan thanneyanu,Fake
Fake_699,koronakku samanam varunnathu vare karsana niyanthranam nadappakkuka thamn venam,Fake
Fake_700,വയസകമപൾ തരവതര കണനനത നലലത ഉറങങകടകകനനതകക ഉണര,original
Fake_701,തരവതരയട ഇടകക അവട ചതഞഞ അരഞഞ ചതത കറണയ പററ നങങൾ എനത ഒനന പറയതത,original
Fake_702,ആരട ചങകല ചനപനന കൾകകനനത വറപപ ഇപപൾ,Fake
Fake_703,ulupillatha chettakalu,original
Fake_704,വകസൻ അടചചടട എനറ നടടൽ ഉളളവർ ഒകക ചതതപനത blood clottin ആയടട പനന നമണയ എടതതടടലല അതണട സരകഷത,Fake
Fake_705,അധക ചകക വണമരണപടട എലലപര കടട കടണഅതണ ജലലസമമളനങങൾ,original
Fake_706,രകരണരഗ ആലപചചൽ വറസ പമപ കടകക,Fake
Fake_707,cpm problem,original
Fake_708,ninakk yetra tandayan maira sangi,original
Fake_709,എലല മനതരമർകക ഗവർമനറ ജവനകകർകക ശമപള മടങങത കടടനനണടലലഅലല ഞങങൾ പതജനങങൾ കയയൽ പടചചകണട നകകയരകക,original
Fake_710,സർവവ ഇലലമനണടയ,original
Fake_711,well explain thank pleas follow,Fake
Fake_712,കറചച വവര ഇലലതതവർ ഇങങന ഉളള പടടകൾ ഉണടകക എനന വചച പണറയ എനത ചയയനണ യഥർതഥ കമമയണസററ വയകത പജയ ശകതമയ എതർകകനനത നതവ തലയകക വളവ പരപട സഘടപപചചൽ സപഎ ബധകകനനത അലല,original
Fake_713,ലതത വഹന ബജങങ തമമലളള മറററണ ബകക പറയണ ഇപപൾ രഗതത തടചച മററയപപൾ ചനലകൾ മടനതൻ വർതതകളമയ വരകയണ,Fake
Fake_714,അധകര ഉളളവർകക എനത എനനയ,original
Fake_715,half dislik und,Fake
Fake_716,china corona,Fake
Fake_717,അഭപരയ വളര ശരയണ എനനട കറചച ദവസമബ ഡകടർ പറഞഞരനന,Fake
Fake_718,ഇനതയയൽ യവകകൾ കടതൽ യറപപൽ കഴഞഞവർ അതണ അവട മരണ കടൻ കരണ,Fake
Fake_719,thiruvadira kalichu covidina thurathiya pinarayi sarkkar kashttam,original
Fake_720,marunadantea puthiyakandupidutham nanayirikunu bayanghara kaziv itheallamanghinea undakunu,original
Fake_721,ഇതല നലലത കടട പരയ രതരയൽ കകകൻ ഇറങങനനത,Fake
Fake_722,edoo bhoomiyil ella kalathum viru kaluda akramanam manushya rashikk undayittund athunnum biolog ware allla,Fake
Fake_723,ingan govern oronnu kaanichu koottiy adutha elect vote cheyyan keralathil aarum jeevanod kaanilla ellathineyum corona kondupoyi kaanum,original
Fake_724,ഷജയടട ഇവന അങങ തർതതല,Fake
Fake_725,കറണ അതനളളൽ ഔടട,Fake
Fake_726,health minist aliv nation wast,original
Fake_727,പണട ബരടടഷ പരധനമനതര വൻസററൺ ചർചചൽ പറഞഞടടണട ചനകകർ ഉറങങനന രകഷസസമരണനന അവര ഒരകകല വശവസകകണ അവരട മററ വധതതല യജചച പകന പടലല എനന അവർ തരചചയയ ചതകക,Fake
Fake_728,കഷട അലലത എനതപറയൻ,original
Fake_729,channelukar നങങള എനതന പളളയ interview chethu കമള ആകകനന പളള പരകത നടതതനന ആളണഅവർ നലല food കഴചചൽ coronayum ഏൽകകലല എനനണ പറയനനത അലലത മററര കതത വകകനനലല വകകൻ അലല degre വണടത,Fake
Fake_730,kovid രജയ,Fake
Fake_731,നശചച വർഗ നശപപകകനയ ഉണടയ പശചകകൾ,original
Fake_732,ivarkethir paranj paranjavar sangik anubhavam guru,original
Fake_733,ഇനനങകല കണണട മഖതത വകക എനന കരത പകഷ വണട ശശയയ,Fake
Fake_734,ye true mysteri the come day china will super power both term militari and econom,Fake
Fake_735,what about who,Fake
Fake_736,വകസൻ എടതത കഴഞഞ അനന വടനനതന കഴപപമണട എനന ചദകകനന എൻറ ചങക,Fake
Fake_737,കഷട കരളതതൽ ഇതല വലയ ദരനത വരനലല പരടടകകൾ ആനമടട,original
Fake_738,രജസഥനൽ ടറസ കനദരങങളൽ തറകകൻ തടങങ ഇനനല ടറസററകൾ വനന,Fake
Fake_739,sathyam ayi varatt,Fake
Fake_740,വണട ജഗരത,original
Fake_741,തണടകൾ സഷടചചതണ kovid,original
Fake_742,cpm coronaparathunnamarxistukar,original
Fake_743,kashtam,original
Fake_744,china have creat thi virou and they the antidot weapon tri use against india but will come back strongli,Fake
Fake_745,പടടമരട,original
Fake_746,ഇവനമർക ബധവ ഇലല വവരവ പടടമമര കഷട,original
Fake_747,പണറയ ഭഗവന രകഷകകണ,original
Fake_748,വരദധയതമക ഭതക,original
Fake_749,ഇതകക കണമപൾ കതത വചച നധയണൻ ഫറസകക ഓർമ വരനന,original
Fake_750,veri bad anchorw can believ indian scientist but not,Fake
Fake_751,marunadanum velivundayi may lakh patient and death ennu evid predict nadathiyalan atu nadathiya date march remeb that,Fake
Fake_752,all be well profession plan കരയ തരമനചച ഉറപപചച,Fake
Fake_753,സമഗരമയ വശകലന മറചചനന പറയൻ ഉളള അവസഥ ഉണടവലല എനന പരതയശകക,Fake
Fake_754,china most danger nation the world,Fake
Fake_755,enthayalum viplavathint ragavum thalavumokk avaru maatippidichittund,Fake
Fake_756,പടചചന ഗരവയരപപ പണറയ വജയ,original
Fake_757,varshath mikacha comedi,original
Fake_758,സമമളന നടകകനനതനൽ കവഡ കരളതതലലല എനന പറയ വറസ കടതൽ ശകതമക ആർകക രകഷപപടനകലല കമപനയല,Fake
Fake_759,ima മതരമ ഉളള ചതരയത ജനങങള നതയരഗകളകകനന ചകൽസകള ജനങങൾ തരചചറയക ആദയ പറതതകകണടത ചങകറപപലലതത ചകൽസയയണ ഭയപപടതത ചകൽസകകനന ചതര,Fake
Fake_760,deeranu maranum onn olluda,Fake
Fake_761,nalla role model govern,original
Fake_762,doubt thi evil viru be man make that whi chang variou way chines govern must own what they plan happen the doctor who first confirm viruswher wet meat market easi out for blame then have these kind disgust whole world take fool let other countri investig soil find truthso base report america also provid support financ and mean,Fake
Fake_763,america oru button amarthiy lookha rajiyangh kathi chambalakhumennu pandokhey paranchu keyttu mookin thumbilulla kothukhin adichu kollan kayinchenkhil,Fake
Fake_764,ചനയട ജവയധ കറണ എനന പറയൻ who,Fake
Fake_765,ithano purokamanam saaaaaakal,original
Fake_766,ചഖകകൾകക അടപപല,original
Fake_767,തരവത പതയ vakavedham,Fake
Fake_768,നങങൾ കററ പറയമപൾ രഗയ ചകലസകകന പറയണ അപപൾ അറയല പഠചചത മതര എനന വചരകകരത,Fake
Fake_769,പലസ വരമപൾ തരവതര കളകകഎനനടട സഖവ എനന പറഞൽ മതയലലവടട ചയത എലല കമമകൾകക നലല നമസകകര കററ തടങങ വങങൻ മറകകണട,original
Fake_770,befor you hear what these pimp have say read the factsheet publish compani,Fake
Fake_771,എതര പരമയ പസസ ആകണട വരമ,Fake
Fake_772,ithu manapoorvam anujanangal jagradha,Fake
Fake_773,നണമലല സഖകകളവവരമലലയമ കററമലല,original
Fake_774,avanmarkk endeum avaloo chattakaljanag viddik,original
Fake_775,നശകകടട എലല കഷടട,original
Fake_776,അനന തനനനനവർകക കണടൽ മനസസലവ എനനൽ നശചചല,Fake
Fake_777,പടടമമര ഞങങൾ സഖകകളട ബദധ നങങൾകക ഇലല തരവതര കളചചത എനതന ആണനന അറയ കളകകനന പണണങങൾ എലല വടട ചററ കളകക അവരട കറൻ നൽകകനന കറണ ഇവരട പനനല ശരരതതൽ പരവശകകൻ പററത കറങങ തൽകഷണ മരകക ഒനന,original
Fake_778,കവസന വർഗഗ ഒനന ഇലലനന ഭരണധകരകൾ മനസലകകൻ തമസചച മരചച ഭരണധപൻ നമർകക സഭവകകരത,Fake
Fake_779,the most selfish treacher arrog quarrelsom cantanker bad untrustworthi shameless copi cat and unreli number one backstabb greedi bulli present free world onli chuntri which like have territori disput with ani everi countri share border that what china pardon pleas prove wrong,Fake
Fake_780,father dont know whi child bad,Fake
Fake_781,ഇവന കയററ ഐസലഷൻ വർഡൽ ഇടണ ശലയ തർനന കടട,Fake
Fake_782,എനതകണട,Fake
Fake_783,ഇസറഹൽ തകർനന ചമപലക അമരകക തകർനനൽ തരപപടമവ,Fake
Fake_784,edo anchoreethaan enthina parihasikkunnathu they can not prove then canbefor how insult them,Fake
Fake_785,percentg ആൾകകര അലലരജ ഉളളവരണ,original
Fake_786,മടടൽ കളത വജയൻ അയൾക തണൽ,original
Fake_787,മതതപപന ദവയ എലല ശരയകക,original
Fake_788,രതസകഷയ കടടയപപള ഉണടയ നങങള ആയടട കളഞഞ കളചചലല ചകവ,original
Fake_789,naturopath veri well know about allopathyth utter nonsens suppress and also harm treatment give palli chemic drug modern medicin can not cure ani diseas even viral fever simpl coryza etc becom allerg rhiniti asthma nipah corona the like all these basic come from then,Fake
Fake_790,നറകൾ,original
Fake_791,thank you sir,Fake
Fake_792,രജയങങൾകക ഭകഷണ എനന,original
Fake_793,ഭരകകനനവർകക എനത തണടതതരവ ആവല,original
Fake_794,നമമട ടചചർ ആയരനന,original
Fake_795,ചരചചതലല ഉളളപരതകഷകകത രകതസകഷയ കടടയതലലനമകക തരവതര തനന,original
Fake_796,കവഡ കടതരകകൻ കമമയണസററ ബദധ ഉപയഗകക പർടട സമമളനങങളല പരകഷഭങങളല മററ പങകടകകനനവര കരളതതനറ കണകകടപപൽ നനന ഒഴവകക മയമന അറബകകടലനറ കണകകൽ ഡൽററ ഒമകരൺ എലലററന ഉപര നമകകണട അതയഗരൻ വകബധ സവനത സപഎ,original
Fake_797,allenkilum eppozhum thiruvathirayanallo nadathunnathu,original
Fake_798,ദരനത,original
Fake_799,pinaray prahasanam,original
Fake_800,എനനടടണ ഇവർ പതരതതൽ കടടൻ പറഞഞത പരധനമനതരയ കളയകകയരനന നടടൽ തനനനന പരവസകൾകക മതര വർതരവ risk എടകകനനത പരവസകൾ വരമപൾ,original
Fake_801,ivattakalkkendhumakamallovotu cheyyunnavarkkkilipoyi,original
Fake_802,let pray god,Fake
Fake_803,റനനകകര മതര കററ പറഞഞവർ എനതയ ഇപപൾ ളകൾ കരള മഴവൻ പരതതയപപൾ ആർകക കഴപപമലല,Fake
Fake_804,,original
Fake_805,തരവനനതപരതത മരണതതനറ വയപരകൾ,original
Fake_806,പനന ഞങങളട പർടട സമമളന എലല ഒനന കഴഞഞടട കഴഞഞ ലകക അതന പററ ആലചകക,original
Fake_807,sound kollillalediesi pole,Fake
Fake_808,cpm crimin be rule kerala and they will ani extent such unscrupul activit,Fake
Fake_809,വകസൻ എനതനണ,Fake
Fake_810,തരവതര കളകക ഇടയൽ ശരകനത ജടടയർ മറകകലല,original
Fake_811,മനയമയ ജവകകനനവര മശമയ ചതരകരകകനന പരവണത കടടർകക ഉണട അടകകളകര പണണങങള പരദഷണ എനനണ ഇതന പറയനനത ചയത ജലകകളള വങങ എനനടട ബകക,Fake
Fake_812,ൽകഭമളയകക ലകഷ എനന ഗഗൾ പറയനനത കണട,Fake
Fake_813,appol randarzcha aaluk marichot all,Fake
Fake_814,കറണ വറസന കണടടടലലവനനൽ മയയതതകഅതമതര അറയ,Fake
Fake_815,മററയറപപൻ രജയത തകർകൻ ഈവറസന ഉൺഢകയത,original
Fake_816,അണട,original
Fake_817,next തരഞഞടപപല മകകവറ കപപല മങങ,original
Fake_818,അപപ എലല മകരകൾകക ഹപപ പണവതര,original
Fake_819,stupid malayalam medium keep support the colonist there viru whoever believ about just news channel,Fake
Fake_820,കഷട കരളതതൽ ഇതല വലയ ദരനത വരനലല പരടടകകൾ ആനമടട,original
Fake_821,ഏജജജ,original
Fake_822,എഡററഗ സപപർ,original
Fake_823,കറണയകകൾ നടടന ആപതത കമമയണസററ പർടട,original
Fake_824,വലലതത,original
Fake_825,eduthond poda ool,Fake
Fake_826,മരണതനറ വയപരകൾ,original
Fake_827,എനതര വരധഭസ പറയനനത എനത ചയയനനത,original
Fake_828,മർകകസററ പർടട എനന തഴലളകളട കവഡ കടനതറ എനകക ഓടടവ,original
Fake_829,cpimbjpmodipinaray,original
Fake_830,എലലററന പടചച അകതതടണ,Fake
Fake_831,pedi venda jagratha mathi,original
Fake_832,കലലയണതതനമരണതതനനതരവതരകകഅപപൾ കലലയണതതനന തരവതരയ ഉണടയൽഅത പളചച,original
Fake_833,എനതയല മരണ നശചയ അതറയവനനവർ ആയരകക covid മളയൽ പങകടകകനനതഅവർ എലല ഉപകഷചച പങകടകകനനരകഷ കടടമനന വശവസചച പകനന സതയ ദവതതൽ നനന പരപചചങകൽ,Fake
Fake_834,യകൻ ഇടയലല ചനയൽ ഇപപഴ മരണ കറണ കരണ കണട സഭവചച കണടരകകനന വറത അപവദ പറഞഞണടകകത,Fake
Fake_835,ആതമ വസവസ എലലവരയ രകഷകകടട,Fake
Fake_836,മകകൽ പനകക ഇതരയ,original
Fake_837,like the way present clip and cut past,Fake
Fake_838,സപഎ സമമളനങങൾ എലല കഴഞഞൽ കരള ലകക ആകക ഉറപപണ കഴയൻ കതതരകകകയണ ലവമർ ഇപപ ഉളള ഒകക അതനളള ഇളവ,original
Fake_839,നശപപകകനന പർടട ldf,original
Fake_840,china poorimakk puzhutha thalleyolik,Fake
Fake_841,kashtam thann,original
Fake_842,intern conspiraci use china tool destroy the nation one world govern start with corona agenda,Fake
Fake_843,ബമള കറണ ആയലല ഗഗദവ രകഷകകനനന പറഞഞ മഖയമനതര ഉണടവട,Fake
Fake_844,aduppilum thooram,original
Fake_845,കടത സവമധയ എടകകണ,original
Fake_846,മറനടൻ നങങൾപറഞഞത കറകട കരയമണ വർതത ഇവട നർതതരത എലല ചനലല വരണ ലകമറയണ ഇതന പകരചയയണ plea,Fake
Fake_847,അവർകക ആരയങകല ചകൽസകകൻ അവസര കടതത അവരട വലലവള ഏററടകകവൻ തയയറവണ,Fake
Fake_848,ithrayum adhipadhicha oru partyyi,original
Fake_849,അതനനത എനനതല quot quotപജയതതനറ വലത ഭഗതത എഴതയ മതയലല പണറയ ഇടതലലquot എനന എഴതകകടതതടടണ usa യലകക പകനനത കടടതപണറയയട ഒനന നമപറ തതകലകമയ വലതതടട എനനതലലയളള,original
Fake_850,ഗതകട,original
Fake_851,കറണയയ ലകവസനതതകകറചച വശദധ ബബളൽ വളപടനറ പസതകതതൽ വളര വയകതമയ പറയനനണട കർതതവ പറയനനജഗരതയട ഇരനനളക,original
Fake_852,lokethengum chavattukottayilekk valicherinja parti evd shobikkana,original
Fake_853,ഇവടയളള പവങങള അറയത ജഹദ ബകരർ ചതചചതയരകക ലകതത ചതചച ആരങകല അറഞഞ കണട ഇതന നനന കടകകലലലല,Fake
Fake_854,നലല അവതരണ സജൻ ചടട,original
Fake_855,ഇവർ സതയതതൽ എനത ജവകൾകക ഉണടയതണവ,original
Fake_856,തടങങ ഇനതയ കരള trivandrum vare ethi,Fake
Fake_857,ചനയൽ നനന കചച കരളതതൽ എതതയങകൽ എനതകണട അവട ഒനന ഉണടയലല someth,Fake
Fake_858,veri easi defeat china dont buy ani product from then they revert let messag everyon your circl,Fake
Fake_859,കരയല കടലല പരശനങങളണടകകനനത മനഷയരണ വശദധ ഖർആൻ,original
Fake_860,അങങയട വകകകൾ മനഷയന കളർമഴയവടട തങകസ sir,Fake
Fake_861,ദൽഹ ഭരകകനനവർ എവട എനതടകകവയരനന ഇവർ അറഞഞലല നശചച കടടങങള പരജയമയലല kejri രജയ മടചച നങങട അനസഥ കണട മതര അവര അവട പടടയടക ജനങങൾ രകഷപപടടട,Fake
Fake_862,എലലവര കകകനനണടലല അലല,original
Fake_863,മദജ പതര കടടൻ പറഞഞ വടനളളൽ തമപരന പർടടയ തരവതര കളകകന,original
Fake_864,enth useless vijayaaa,original
Fake_865,thakyou sir,Fake
Fake_866,ഇവട കലയണ നടതത ഒനന കടപപയൽ അപപ പററ തങങ എനന പറഞഞ,original
Fake_867,ചനതയകകനറയതത ചനത ജറമന പലളള കമമയണസററകളണ ഇനന ലകജനതതനറ ശതര,Fake
Fake_868,vidagdar ethiyallo,original
Fake_869,thi woke the unpleas truth how bia be our think mani and still critic tablighi jamaat meet conduct delhi dure begin covid crisi but equal vehement huge crowd gather kumbh,Fake
Fake_870,രകഷകര ശകഷകര ഒരള someth fishyyyy,Fake
Fake_871,പണറയ,original
Fake_872,avaru thann undakki appol athint medecen avarkku ariyam,Fake
Fake_873,പർടട പർടടയണ ഇരടടതതപപ ഔദയഗക നയമയ പരഖയപകകണ,original
Fake_874,ഇവനമരട ഉദദശ നമമട രജയതത തകർകകക എനനത തനന തവരവദകൾ,Fake
Fake_875,and research how china deal with covid they not onli depend morden medicin but also use their tradit chines tackl india valu our knowledg you check germani be promot ayurveda other altern countri along modern,Fake
Fake_876,literaci,original
Fake_877,educ,original
Fake_878,കറണ കചചവട ചനലകർ നനനയ ആഘഷചചepol ആർകക never mind,Fake
Fake_879,നയമങങൾ ഒകക ജനങങൾട നഞചതതയകക മതര ഉളള,original
Fake_880,nalla ombiya song,original
Fake_881,point good,Fake
Fake_882,ഷജൻജ തരഞഞടപപ അടകകമപൾ കറണ പമപ കടകക എനന പലപപഴ പറയറലല ഇനയത ഇലകഷൻ കഴഞഞട വരനമകക ഇതറയമലലഈ സകകടനതനനറയമലലഅതന ഗവഷണമനന അധക ചയയണട,Fake
Fake_883,trump be true,Fake
Fake_884,നനദ നലല പരതകഷ നൽകനന വകകകൾകക,Fake
Fake_885,well present the point,Fake
Fake_886,എങകല പരവസകൾ,original
Fake_887,പറഞഞ കരയങങളലല സഖവ പണറയ വജയനറ കഴവ തനന സമമതചച എനയ അങങന തനനയവടട ഞനര പരവസയണ ദവസതത കറനറന കടയനന ഒഴവകക തരമ എനന പലര തരവതര ഞങങൾ പരവസകൾ എയർപപടടൽ വചച കളകക,original
Fake_888,പണകക പവത ഇരനനല കടബ പടടണ ആയല ഇനയ വടട ചയത കടകക അപപ ശരയക,original
Fake_889,ini aryippu varum veettil vare samoohika akalam paalikkanam paksh njangal roadilirangi thiruvathira nadathum maskum akalavum onnum palikkoolaa ennittu lockdown kalipikum adangi otjungi irunnonamnammudeyokk oro gathikedu,original
Fake_890,chines presid wife work who top post thi onli protect china interest whoor otherwis get all the news from it spi,Fake
Fake_891,അങങന തരവതര എനന മഹകലരപതതയ അപമനചച,original
Fake_892,മനതരയട നർദശ ഒഴകയളളവർകകണ,original
Fake_893,polic marichappol criket kanddi,original
Fake_894,പർണമയ ജകകബ സറന തളളരത നചചറപപത അതഭത സഷടകകനനത കണടടടളളതണ,Fake
Fake_895,അകല പലകകൻ വടട വരചചടടണടതര അപപ പരസപര കയയ അടകകനനതൽ തററലല അലലവടടതതൽ നനനൽ,Fake
Fake_896,oru kayyabatham nattilkarud,original
Fake_897,bodi talk about the peopl gather templ,Fake
Fake_898,ചനയ വശവസകകൻ കളളലല പരമവധ ചനയട പരഡകടകൾ വങങതരകകക,Fake
Fake_899,നതനനടയ ഇതകക,original
Fake_900,നണമലലതത ജനമ പണവതര,original
Fake_901,കമമയണസററ പളഞഞ തടങങ,Fake
Fake_902,avatharanam oru rkhsayumilla ore poli,original
Fake_903,,original
Fake_904,uff ijjaathi,original
Fake_905,achanmaronnum ipo peedppikkly,original
Fake_906,omicron kadakk purath,original
Fake_907,അറവ പറയനനത ശരയ ഇപപ മനസലയ അനന സനമയ പചചചവർ ഇനന പററ പറയനന,Fake
Fake_908,അവട പങകടതതവർ വചച പററ അടകകണ,Fake
Fake_909,jayipichatallea anubhavichoooo,original
Fake_910,pinarayikk adppilum avam,original
Fake_911,കറണ ഇനതയയൽ വനനൽ വരകകര തനനന കടകകൻ മതര മരനന കണടപടചച,Fake
Fake_912,ടരപണ കടതൽ ശരയനന തനനനന,original
Fake_913,ഒരപണണനഇതപറഞഞതൽൻപരൽകതതകനനതസജൻഅറഞഞലല,original
Fake_914,good,Fake
Fake_915,ചനയട എലല നലപടകള എപപഴ ഇനതയകക എതരയരനന ഇവരട ഉൽപപനനങങള നമമൾ ബധപർവവ ബഹഷകരകകണ,Fake
Fake_916,ഇതനനന കഴപപലല പരവസകൾ നടടൽ വനനൽ ഇരകകണ നണമണട സർകകര നണമലലതത ഭരണകട,original
Fake_917,എനന പനന കറണ കഴഞ യദധവ പരതകഷകകണട,Fake
Fake_918,പണറയ വണട മനഷയർലര കറണ ഇടകക വനനൽ തരവതര നടകകനനത കണടല കടകക പറതത,original
Fake_919,ഡകടർകക കറണ വരതരനന,Fake
Fake_920,നറയ പരനറയ അവനറ മരമകന നശപപകക കരള,original
Fake_921,china product long last അലലഈ മഹമരയ മറടട,Fake
Fake_922,എലല തകർനന അവസനചച ഇനതയ നശചച കരളതതനറ കഴഞഞ എനനകക ആണലല ഇതവര പറഞഞത മൻഡ ചയയതയപപൾ അടതത quotടവസററquotമയ വനനരകകനന,Fake
Fake_923,കരണഭതൻ,original
Fake_924,sirgood sir,Fake
Fake_925,നയതരകകനന രകഷതവ ഉണട അവന അറയ എലല ആരയല ഇതന അവൻ കടകക,Fake
Fake_926,bjp കൺഗരസനറ ഒകക ഊളതതരങങൾ കരണ കമമയണസററകര സപപർടട ചയതരനന ഇപപൾ മനസസലയ എലല കണകക,Fake
Fake_927,nthu jaagrathaa തരവതര ജഗരത aano,original
Fake_928,buthiyillatha kore yennathin boat cheyith vijayicha njmmal aan sherikum pyottan maar,original
Fake_929,സഖതതമര ഇങങന അങങര കളയകകരതയരനന ഒനനമലലങകല പരയമങകല കണകകകകണട,original
Fake_930,evideyaayirunnu quotsom nalshaanquot itrana ent yearli leav naasamaaki naarik,original
Fake_931,kappithaaanund kappithaaan thiruvaathira kali kandaalee appi iduuuukappithaanu vendi njhanghal kappal vare odikkum ella jillakilude,Fake
Fake_932,പവള,original
Fake_933,amaz,original
Fake_934,കമമയണസറ കമഡ വരവണ,Fake
Fake_935,കവഡന മരനന കണടപടചചടടലല എങകല ധരള രഗകൾ പരപകകനന ലകതതല മരണനരകക രഗകളട ശതമനതതന മകളൽ വരമപൾ ഇനതയയൽ മനന ശതമനവ എണണതതൽ രണടമത നൽകകനന തമഴ നടടൽ തഴയമണ,Fake
Fake_936,മസതത ലവനകക പരവസകൾ നടടലകക വരനനത വർഷതതല രണട ഒകക കവഡ ടസററ ചയത റപപർടട നഗററവ ആയൽ പനന കവറനറൻ എനതന തരവതര സപപർ song അതലറ social distanc mask അങങന എലല മനദണഡവ പലചചടടമണട,original
Fake_937,മലയള lunki news,Fake
Fake_938,എനനപറയനനപരപടനടടൽഅനതയഅകരമവകടകതതവഴനന,original
Fake_939,ബസനസ ജകകബ വടകകഞചര പറയനനത ഏതണട ശരയയ വരനന,Fake
Fake_940,kesedukkanam,original
Fake_941,manaaakadi varum,original
Fake_942,പരഹസന അപഹസയ,original
Fake_943,eth eppo athivyshyam ann,Fake
Fake_944,പരകത അചഛന ആരങകല വറസന കണടടടണടശസതര മകരസകപപ ഉപയഗചച എങങന തങകളട തലചചറ കണന സധകകമ അതപല ശസതരജഞരകക കറണ വയറസസനയ സധകക കണനന കരയതത കറചച ശസതരലകതതന ഉറപപലല,Fake
Fake_945,avaru vipatinea nerathea mun kuti kandu precaut href right now they be safe,Fake
Fake_946,veri happi hear thing there be alright,Fake
Fake_947,മണകകർ കണട കണടത ഷജൻ ചടടന സലയടട,Fake
Fake_948,ഞങങളണ ഭരകകനനത ഞങങൾ എനത ചയയ പനനലല,original
Fake_949,than poada uvvv entharinjitan eeechelakkunnadu,Fake
Fake_950,നലലര കലരപതത കനന കലവളചച,original
Fake_951,kooduth vavvaalukal pachakku thinnaan paranjo,original
Fake_952,hiyyoooo,original
Fake_953,സമനബധമളള ഏതര വയകതകക മനസസലക ചയയനനതലല പശചനറ പരവർതതയണനന,Fake
Fake_954,കഷട പണണങങൾകക ഇപപഴ തലകക വളവ വനനടടലല,original
Fake_955,korona ivattakalekk etreyo bhedam,Fake
Fake_956,എനത സനതഷഎതര കടട അവര കണചച ഇവരകണചച സഖപപകകണട കളളതതരതതന പഞഞമലലതതവരണലല ഭരകകനനതഎടതതവർകകലല മതയയ കനനല ഇനയര വകസന ഇലല എനനണ സകലര പറയനനതഇവരലലണട ഇനയമണട ശസതരജഞനമര വവരമളളവര സവനത ശരരതതൽ ചയയണമനന ഞങങളണ തരമനകകനനത,Fake
Fake_957,വർഷ ബഗളൽ സതധ കരളതതൽ ഉളളവന ഇലലതതവന കറചച ഗൾഫകര ഉളളത ഭഗയഇലലങകൽ കണമയരനന അപപ സശയ ചനസ കമമയണസററ പർടട ഉണടകകയത പണറയയണ മഴവൻ ശഭകകനന എനന കണടപപ ചദചചതണ,Fake
Fake_958,മനരമയട ഉളളലരപപ എനതയല വയകത അവരട കറതത മനസസ ചദയതതല,original
Fake_959,pinarayi bhagavan katholane,original
Fake_960,communist support shame myself tell marxist now,Fake
Fake_961,sagav jayarjettanu ethir nadapadi ethinayirunnu adheham ethayalum ethu polyth song onnum undakichitilla kashttam thanni pukazthalil veenupokunna alakarath,original
Fake_962,എലല രജയങങള കമമയണസററ ഗവണമനറന കതതചച കടലൽ ഒഴകക ചനയൽ ജനധപതയ കണടവരണ,Fake
Fake_963,rule parti should role model the sociti follow covid protocol and health minist say honestli ask crowd includ those be particip tvm kozhikkodu meet for quarantin,original
Fake_964,തരവനനതപരതത നററചച കയൽ തനന തരണ മണകൾകക നനദ തരവനനതപര കരൻ എനന പറഞഞരനന ഇപപൾ തലയൽ മണടടട ഒളവലണ,Fake
Fake_965,quotഇനന വറസ ലകമങങ വയപചചട കരണഭത പണറയ വജയനനന സഖവതനനquot,original
Fake_966,പതര കടടയടട വളചച തളയചചടട കരയമലല സജൻ അപപപപൾ കണനനവന അപപചച എനനവളകകനനവൻ അലല എനതങകല കരയ ഉറപപചച പറയൻ തങകൾകക പററമ കറണ എങങടട പകനന എനന തങകൾ തളളനനത ഇവട രഗകൾ പരകനന ചണക തനനനന,Fake
Fake_967,eanthinanu enganeyoru nishkriyamaya aikarashtra sabha,original
Fake_968,not good,Fake
Fake_969,god will give tragedi and peaceless home china,Fake
Fake_970,ഉളപപ ഇലലതതവര കറചച പറഞഞടട വലല കരയവ ഉണട,original
Fake_971,ithu bbcyilum new york timesilum vanno,Fake
Fake_972,നങങൾ പറയനനത ഞങങൾ എങങന വശവസകക എനതറപപണ വകസൻ വകകൻ വണട നണയ ഇവർ പറയ scienc അലല വശവസകകo,Fake
Fake_973,ചകകൻ പകസ ഉളള പകരനന സമയ ഉണട പകര മരനന കടചചല കടചചലലഗല സമധന കടടൻ ഹമയ ആയർവദ എലല പരകഷണ നടതത ഉളളവർകക പടടനന ഓറഞച ഡയല കഴകക പനന സസൺ കണട ഭയപപടണട ആൾകകർ പരയ ഉളളവർ രഗകൾ കടടകൾ മതര അവർകക വററമൻ അടങങയ കടകകണ,Fake
Fake_974,ഒനന പറയനലലപറഞഞടട കരയമലല,Fake
Fake_975,സതയ,Fake
Fake_976,corona gogo,Fake
Fake_977,ഉളപപ എനതണനന ഞമമകകറയല,original
Fake_978,അനന കരയ ഇനതയയൽ നനന കറചച പരഎ ചനയലകക നമമക തനനതപല അവർകക തരചച കടകക നങളട അപപരയ എനത,Fake
Fake_979,ടരപ ഇഷടപടതതവർ ഒനന അടചച,original
Fake_980,ചരചച ഊപപട ഇളക bro,original
Fake_981,ജനങങള പശചതയ ഫർമ കമപനകൾകക കടടകകടകകനന പമപകൾ,Fake
Fake_982,നടകകടട കവഡന നമകക പതര കടടനട കടതതവനനതയളളനമമട ഇതതര വദയകളകകറചച വലയ പടയലലതതത കണടണവദശ മധയമങങൾ വമർശകകനനത,Fake
Fake_983,ഒരൾ കറണയട തടകകതതൽ പതര കടട കറണയ ഇലലതയകൻ ശരമ നടതത വറരൾ ഓമകരണന തരവതര തനനയങ അണകളകണട കളപചച,original
Fake_984,last mess dialogu pwoli,original
Fake_985,good languag lang and comedi present,Fake
Fake_986,chathiyanmaar aan aviduth govern,original
Fake_987,തബലഗ കവഡ പറയമപൾ സജൻ വകരപരമയ സസരകകമപൾ കഭമള മതമയ സസരകനന,Fake
Fake_988,സങക കടടയണ,original
Fake_989,thank god,Fake
Fake_990,പസകക ഉളള വവര ഉണട നറകൾകക ഊകകല ഉപദശവ ഒരപല ചയയനന നറയ ഭരണ ചപയമനറ ഊകകയ മനതര തനനടട എലലനറ ഇടയൽ കറയപപ അമരകകയൽ മറകകൻ പയടടണട അടമകൾ ഇവടട ദവതത സതതചച നടകകനന നണമണട ഇവനകക ഞനര പരവസ എനറ രകഷ രഖപടതതനന,original
Fake_991,such nuisanc,Fake
Fake_992,നലല വഴകടട,original
Fake_993,thiruvathira kali alkuttam alla sir,original
Fake_994,haha aashanu aduppilum thraam,original
Fake_995,viru ella,Fake
Fake_996,മനതര,original
Fake_997,ആദയമയടട ചയയണടത ജർജന ആരഗയ വകപപ മനതര സഥന വകകക ശരമത ടചചർ തരചച വളകകക കലയണതതന പളളകളല മതര പങകടതതൽ മതയനന പറയമപൾ തരവതരകക മതരമനത ഇതരയ ആളകൾകക അനമത കടകകനനത എതരതനന അനഭവ ഉണടയല നമമൾ നനനവല ഇതലല കഴഞഞൽ പറയ പരവസകളണ കറണ കണടവനനത,original
Fake_998,ithoru manushya nirmitha virasaanu krthyamaya plangingod avarathin use cheythu,Fake
Fake_999,didnt have summer kerala thi time becaus havent heard ani one die sun stroke that mean the temperatur be cool palaghat year medium those who from april till date all corona bodi heart attack and other ill death what hear thru onli season nipah flood fever fact healthi dont issu with it panic phobia creat doctor media our chief minist like amp present read out daili static period taught lot lesson should learn but nobodi will chang last itself asham about peopl leav world,Fake
Fake_1000,മനഷയ നർമത തനന പടരൻ കരണ ലകരഗയ സഘടനയട നസസഗത ഒനന കണട മതരചനയ ഉയർതതകണട വനനത അമരകകയണ ussr ദർബലമകകൻ കടതതല തറനന വടട പലയയ അമരകകകക,Fake
Fake_1001,kashttam thann,original
Fake_1002,arkkum thonnunnille orumathiri pottanmaaraan keralam bharikkunnath,original
Fake_1003,എനത മഹമര വനനല ആകമപൾ ആളകൾ അതനറ അതര തനന,Fake
Fake_1004,ima illuminaati അതണ അമരകകയൽ ചകതസയ പയത,Fake
Fake_1005,ivark okey athra athyavishamengil onlineil meet vech paranja pore janangaludey jeevan vechano kalikuney ith keraliyarudey nenjath keri ninulla thiruvathira kalli aay poi enta abhiprayathil ithil pankedutha elaavarkum ethirey case edukanam rule elaarkum ore pole ayirikanam,original
Fake_1006,ivan ithu nale thirichum parayum,original
Fake_1007,oro covid perum paranju janagal patikun kure kalam ayi sadha vayar pani vanal athu corona marunn kamabaikark kodik vangichu undakuva patikuva,Fake
Fake_1008,മഴവന ശഭച ഇലലങകല ഇനതയയൽ ഒനന ശഭചച കണടൽ മതയയരനന,Fake
Fake_1009,അപപ മയഡ quotഉറപപചച,Fake
Fake_1010,the world war and time countri realis china will have kill all peopl that oppos dragon it chines geopolit invas,Fake
Fake_1011,enthuparyan evarekodu ulla gunam kiti eni ellarum muslim ethir mairan mare pidich thallanm vivaram ilath kuttam alla paksh ithu sahikula,Fake
Fake_1012,എനതന ആരഗയ മനതര,original
Fake_1013,ദവസ കഴഞഞൽ എലലവർകക വടടൽ ഇരനന തരവതര കളകക,original
Fake_1014,കറണ കമമകളളട സവഭവ കണട അവടനനനഓട രകഷപടടതണ കണടല ഉതതരകറയ ഇപപൾ വടട കളയണ,Fake
Fake_1015,correct china cheitha weapon spread ing aanu,Fake
Fake_1016,who പറയനനതനസരചച ചകതസയ ലകക മണടതതരങങള നടതത ജനങങള കലലത മററ ചകതസ രതകള പരതരധ മർഗങങള ഉടൻ നടപപൽ വരതതണ അതന മധയമങങൾ മൻക എടകകക അനത ചർചചകക അലപപത ഡകടർ മരയ ima പരതനധകളയ മതര കണടവരത പടടണ കടനന ചവനനവനറ വദന ഉൾകളളനനവരയ ഉൾപപടതതക,Fake
Fake_1017,mask illa aarkum,original
Fake_1018,ഇയള കറണ കടയൽ ഇടമയരനന,original
Fake_1019,kulathrikalkku badilayialavilathik keralum nasippikkan,original
